appid,appname,ownerid,playtime_2weeks,playtime_forever
10,Counter-Strike,76561197960274006,,0
20,Team Fortress Classic,76561197960274006,,0
30,Day of Defeat,76561197960274006,,0
40,Deathmatch Classic,76561197960274006,,0
50,Half-Life: Opposing Force,76561197960274006,,0
60,Ricochet,76561197960274006,,0
70,Half-Life,76561197960274006,,0
130,Half-Life: Blue Shift,76561197960274006,,0
80,Counter-Strike: Condition Zero,76561197960274006,,0
100,Counter-Strike: Condition Zero,76561197960274006,,0
220,Half-Life 2,76561197960274006,,0
240,Counter-Strike: Source,76561197960274006,,21
280,Half-Life: Source,76561197960274006,,0
300,Day of Defeat: Source,76561197960274006,,0
320,Half-Life 2: Deathmatch,76561197960274006,,0
340,Half-Life 2: Lost Coast,76561197960274006,,0
360,Half-Life Deathmatch: Source,76561197960274006,,0
380,Half-Life 2: Episode One,76561197960274006,,0
400,Portal,76561197960274006,,0
420,Half-Life 2: Episode Two,76561197960274006,,2
500,Left 4 Dead,76561197960274006,,330
550,Left 4 Dead 2,76561197960274006,,862
620,Portal 2,76561197960274006,,32
730,Counter-Strike: Global Offensive,76561197960274006,,233
10,Counter-Strike,76561197960279106,,14
20,Team Fortress Classic,76561197960279106,,0
30,Day of Defeat,76561197960279106,,0
40,Deathmatch Classic,76561197960279106,,0
50,Half-Life: Opposing Force,76561197960279106,,0
60,Ricochet,76561197960279106,,0
70,Half-Life,76561197960279106,,0
130,Half-Life: Blue Shift,76561197960279106,,0
80,Counter-Strike: Condition Zero,76561197960279106,,0
100,Counter-Strike: Condition Zero,76561197960279106,,0
220,Half-Life 2,76561197960279106,,88
240,Counter-Strike: Source,76561197960279106,,5
280,Half-Life: Source,76561197960279106,,0
300,Day of Defeat: Source,76561197960279106,,151
320,Half-Life 2: Deathmatch,76561197960279106,,0
340,Half-Life 2: Lost Coast,76561197960279106,,0
360,Half-Life Deathmatch: Source,76561197960279106,,0
380,Half-Life 2: Episode One,76561197960279106,,0
400,Portal,76561197960279106,,346
420,Half-Life 2: Episode Two,76561197960279106,,0
500,Left 4 Dead,76561197960279106,,4928
550,Left 4 Dead 2,76561197960279106,,15861
620,Portal 2,76561197960279106,,2557
730,Counter-Strike: Global Offensive,76561197960279106,,1557
10,Counter-Strike,76561197960333589,,24
20,Team Fortress Classic,76561197960333589,,0
30,Day of Defeat,76561197960333589,,0
40,Deathmatch Classic,76561197960333589,,0
50,Half-Life: Opposing Force,76561197960333589,,0
60,Ricochet,76561197960333589,,0
70,Half-Life,76561197960333589,,850
130,Half-Life: Blue Shift,76561197960333589,,0
80,Counter-Strike: Condition Zero,76561197960333589,,0
100,Counter-Strike: Condition Zero,76561197960333589,,0
220,Half-Life 2,76561197960333589,,0
240,Counter-Strike: Source,76561197960333589,,1760
280,Half-Life: Source,76561197960333589,,0
300,Day of Defeat: Source,76561197960333589,,40
320,Half-Life 2: Deathmatch,76561197960333589,,0
340,Half-Life 2: Lost Coast,76561197960333589,,0
360,Half-Life Deathmatch: Source,76561197960333589,,0
1300,SiN Episodes: Emergence,76561197960333589,,0
1309,SiN Episodes: Emergence,76561197960333589,,0
1313,SiN Episodes: Emergence,76561197960333589,,0
380,Half-Life 2: Episode One,76561197960333589,,0
2800,X2: The Threat,76561197960333589,,0
2810,X3: Reunion,76561197960333589,,66
3450,Typer Shark! Deluxe,76561197960333589,,4273
10,Counter-Strike,76561197960434622,,32
20,Team Fortress Classic,76561197960434622,,3
30,Day of Defeat,76561197960434622,,0
40,Deathmatch Classic,76561197960434622,,0
50,Half-Life: Opposing Force,76561197960434622,,52
60,Ricochet,76561197960434622,,58
70,Half-Life,76561197960434622,,248
130,Half-Life: Blue Shift,76561197960434622,,1
80,Counter-Strike: Condition Zero,76561197960434622,,0
100,Counter-Strike: Condition Zero,76561197960434622,,0
220,Half-Life 2,76561197960434622,,1047
240,Counter-Strike: Source,76561197960434622,,48
280,Half-Life: Source,76561197960434622,,540
300,Day of Defeat: Source,76561197960434622,,64
320,Half-Life 2: Deathmatch,76561197960434622,,76
340,Half-Life 2: Lost Coast,76561197960434622,,6
360,Half-Life Deathmatch: Source,76561197960434622,,0
380,Half-Life 2: Episode One,76561197960434622,,142
400,Portal,76561197960434622,,107
420,Half-Life 2: Episode Two,76561197960434622,,0
500,Left 4 Dead,76561197960434622,,1704
550,Left 4 Dead 2,76561197960434622,,1480
620,Portal 2,76561197960434622,,1154
730,Counter-Strike: Global Offensive,76561197960434622,,558
583950,Artifact,76561197960434622,100,182
1300,SiN Episodes: Emergence,76561197960434622,,0
1309,SiN Episodes: Emergence,76561197960434622,,0
1313,SiN Episodes: Emergence,76561197960434622,,0
1520,DEFCON,76561197960434622,,27
3830,Psychonauts,76561197960434622,,51
4000,Garry's Mod,76561197960434622,,0
3900,Sid Meier's Civilization® IV,76561197960434622,,0
34440,Sid Meier's Civilization® IV,76561197960434622,,0
10,Counter-Strike,76561197960563532,,0
20,Team Fortress Classic,76561197960563532,,0
30,Day of Defeat,76561197960563532,,0
40,Deathmatch Classic,76561197960563532,,0
50,Half-Life: Opposing Force,76561197960563532,,0
60,Ricochet,76561197960563532,,0
70,Half-Life,76561197960563532,,0
130,Half-Life: Blue Shift,76561197960563532,,0
80,Counter-Strike: Condition Zero,76561197960563532,,0
100,Counter-Strike: Condition Zero,76561197960563532,,0
220,Half-Life 2,76561197960563532,,0
240,Counter-Strike: Source,76561197960563532,,0
280,Half-Life: Source,76561197960563532,,0
300,Day of Defeat: Source,76561197960563532,,0
320,Half-Life 2: Deathmatch,76561197960563532,,0
340,Half-Life 2: Lost Coast,76561197960563532,,0
360,Half-Life Deathmatch: Source,76561197960563532,,0
380,Half-Life 2: Episode One,76561197960563532,,0
400,Portal,76561197960563532,,0
420,Half-Life 2: Episode Two,76561197960563532,,0
500,Left 4 Dead,76561197960563532,,0
550,Left 4 Dead 2,76561197960563532,,0
620,Portal 2,76561197960563532,,0
730,Counter-Strike: Global Offensive,76561197960563532,,0
10,Counter-Strike,76561197965532939,,0
80,Counter-Strike: Condition Zero,76561197965532939,,0
100,Counter-Strike: Condition Zero,76561197965532939,,0
220,Half-Life 2,76561197965532939,,311
240,Counter-Strike: Source,76561197965532939,,28
320,Half-Life 2: Deathmatch,76561197965532939,,0
340,Half-Life 2: Lost Coast,76561197965532939,,0
70,Half-Life,76561197965532939,,67
360,Half-Life Deathmatch: Source,76561197965532939,,0
380,Half-Life 2: Episode One,76561197965532939,,0
2400,The Ship: Murder Party,76561197965532939,,677
10,Counter-Strike,76561197965656609,,0
20,Team Fortress Classic,76561197965656609,,0
30,Day of Defeat,76561197965656609,,0
40,Deathmatch Classic,76561197965656609,,0
50,Half-Life: Opposing Force,76561197965656609,,0
60,Ricochet,76561197965656609,,0
70,Half-Life,76561197965656609,,0
130,Half-Life: Blue Shift,76561197965656609,,0
80,Counter-Strike: Condition Zero,76561197965656609,,0
100,Counter-Strike: Condition Zero,76561197965656609,,0
220,Half-Life 2,76561197965656609,,0
240,Counter-Strike: Source,76561197965656609,,0
280,Half-Life: Source,76561197965656609,,0
300,Day of Defeat: Source,76561197965656609,,0
320,Half-Life 2: Deathmatch,76561197965656609,,0
340,Half-Life 2: Lost Coast,76561197965656609,,0
360,Half-Life Deathmatch: Source,76561197965656609,,0
1200,Red Orchestra: Ostfront 41-45,76561197965656609,,0
1230,Mare Nostrum,76561197965656609,,0
1280,Darkest Hour: Europe '44-'45,76561197965656609,,0
1500,Darwinia,76561197965656609,,0
1510,Uplink,76561197965656609,,0
1520,DEFCON,76561197965656609,,0
10,Counter-Strike,76561197966089529,,0
80,Counter-Strike: Condition Zero,76561197966089529,,0
100,Counter-Strike: Condition Zero,76561197966089529,,0
220,Half-Life 2,76561197966089529,,0
240,Counter-Strike: Source,76561197966089529,,60
320,Half-Life 2: Deathmatch,76561197966089529,,0
340,Half-Life 2: Lost Coast,76561197966089529,,0
20,Team Fortress Classic,76561197966089529,,0
30,Day of Defeat,76561197966089529,,0
40,Deathmatch Classic,76561197966089529,,0
50,Half-Life: Opposing Force,76561197966089529,,0
60,Ricochet,76561197966089529,,0
70,Half-Life,76561197966089529,,0
130,Half-Life: Blue Shift,76561197966089529,,0
280,Half-Life: Source,76561197966089529,,0
300,Day of Defeat: Source,76561197966089529,,0
360,Half-Life Deathmatch: Source,76561197966089529,,0
380,Half-Life 2: Episode One,76561197966089529,,0
400,Portal,76561197966089529,,316
420,Half-Life 2: Episode Two,76561197966089529,,0
500,Left 4 Dead,76561197966089529,,63
550,Left 4 Dead 2,76561197966089529,,334
620,Portal 2,76561197966089529,,459
730,Counter-Strike: Global Offensive,76561197966089529,,264
10,Counter-Strike,76561197966652320,,35
20,Team Fortress Classic,76561197966652320,,0
30,Day of Defeat,76561197966652320,,0
40,Deathmatch Classic,76561197966652320,,0
50,Half-Life: Opposing Force,76561197966652320,,0
60,Ricochet,76561197966652320,,0
70,Half-Life,76561197966652320,,5
130,Half-Life: Blue Shift,76561197966652320,,0
220,Half-Life 2,76561197966652320,,8
240,Counter-Strike: Source,76561197966652320,,503
320,Half-Life 2: Deathmatch,76561197966652320,,0
340,Half-Life 2: Lost Coast,76561197966652320,,0
300,Day of Defeat: Source,76561197966652320,,40
360,Half-Life Deathmatch: Source,76561197966652320,,0
380,Half-Life 2: Episode One,76561197966652320,,388
3830,Psychonauts,76561197966652320,,4
10,Counter-Strike,76561197968459473,,39
80,Counter-Strike: Condition Zero,76561197968459473,,0
100,Counter-Strike: Condition Zero,76561197968459473,,0
220,Half-Life 2,76561197968459473,,165
240,Counter-Strike: Source,76561197968459473,,73
320,Half-Life 2: Deathmatch,76561197968459473,,778
340,Half-Life 2: Lost Coast,76561197968459473,,0
20,Team Fortress Classic,76561197968459473,,106
50,Half-Life: Opposing Force,76561197968459473,,0
70,Half-Life,76561197968459473,,0
130,Half-Life: Blue Shift,76561197968459473,,35
30,Day of Defeat,76561197968459473,,0
40,Deathmatch Classic,76561197968459473,,0
60,Ricochet,76561197968459473,,9
280,Half-Life: Source,76561197968459473,,0
300,Day of Defeat: Source,76561197968459473,,3
360,Half-Life Deathmatch: Source,76561197968459473,,1
380,Half-Life 2: Episode One,76561197968459473,,0
400,Portal,76561197968459473,,0
420,Half-Life 2: Episode Two,76561197968459473,,1
500,Left 4 Dead,76561197968459473,,0
550,Left 4 Dead 2,76561197968459473,,1595
620,Portal 2,76561197968459473,,1087
730,Counter-Strike: Global Offensive,76561197968459473,,1211
583950,Artifact,76561197968459473,,0
10,Counter-Strike,76561197969221324,,0
20,Team Fortress Classic,76561197969221324,,7
30,Day of Defeat,76561197969221324,,0
40,Deathmatch Classic,76561197969221324,,0
50,Half-Life: Opposing Force,76561197969221324,,0
60,Ricochet,76561197969221324,,0
70,Half-Life,76561197969221324,,0
80,Counter-Strike: Condition Zero,76561197969221324,,0
100,Counter-Strike: Condition Zero,76561197969221324,,0
130,Half-Life: Blue Shift,76561197969221324,,0
220,Half-Life 2,76561197969221324,,48
240,Counter-Strike: Source,76561197969221324,,0
280,Half-Life: Source,76561197969221324,,0
300,Day of Defeat: Source,76561197969221324,,0
320,Half-Life 2: Deathmatch,76561197969221324,,0
340,Half-Life 2: Lost Coast,76561197969221324,,0
360,Half-Life Deathmatch: Source,76561197969221324,,0
380,Half-Life 2: Episode One,76561197969221324,,0
400,Portal,76561197969221324,,0
420,Half-Life 2: Episode Two,76561197969221324,,0
500,Left 4 Dead,76561197969221324,,6060
550,Left 4 Dead 2,76561197969221324,,3736
620,Portal 2,76561197969221324,,755
730,Counter-Strike: Global Offensive,76561197969221324,,0
10,Counter-Strike,76561197969363506,,0
20,Team Fortress Classic,76561197969363506,,0
30,Day of Defeat,76561197969363506,,0
40,Deathmatch Classic,76561197969363506,,0
50,Half-Life: Opposing Force,76561197969363506,,0
60,Ricochet,76561197969363506,,0
70,Half-Life,76561197969363506,,0
80,Counter-Strike: Condition Zero,76561197969363506,,0
100,Counter-Strike: Condition Zero,76561197969363506,,0
130,Half-Life: Blue Shift,76561197969363506,,0
220,Half-Life 2,76561197969363506,,0
240,Counter-Strike: Source,76561197969363506,,0
280,Half-Life: Source,76561197969363506,,0
300,Day of Defeat: Source,76561197969363506,,0
320,Half-Life 2: Deathmatch,76561197969363506,,0
340,Half-Life 2: Lost Coast,76561197969363506,,0
360,Half-Life Deathmatch: Source,76561197969363506,,0
1300,SiN Episodes: Emergence,76561197969363506,,0
1309,SiN Episodes: Emergence,76561197969363506,,0
1313,SiN Episodes: Emergence,76561197969363506,,0
380,Half-Life 2: Episode One,76561197969363506,,0
2400,The Ship: Murder Party,76561197969363506,,0
10,Counter-Strike,76561197969593376,,12
20,Team Fortress Classic,76561197969593376,,0
30,Day of Defeat,76561197969593376,,0
40,Deathmatch Classic,76561197969593376,,0
50,Half-Life: Opposing Force,76561197969593376,,0
60,Ricochet,76561197969593376,,0
70,Half-Life,76561197969593376,,0
130,Half-Life: Blue Shift,76561197969593376,,0
80,Counter-Strike: Condition Zero,76561197969593376,,0
100,Counter-Strike: Condition Zero,76561197969593376,,0
220,Half-Life 2,76561197969593376,,0
240,Counter-Strike: Source,76561197969593376,,285
320,Half-Life 2: Deathmatch,76561197969593376,,0
340,Half-Life 2: Lost Coast,76561197969593376,,0
300,Day of Defeat: Source,76561197969593376,,139
2400,The Ship: Murder Party,76561197969593376,,641
2420,The Ship: Single Player,76561197969593376,,0
220,Half-Life 2,76561197970565175,,162
240,Counter-Strike: Source,76561197970565175,,104
280,Half-Life: Source,76561197970565175,,0
320,Half-Life 2: Deathmatch,76561197970565175,,0
340,Half-Life 2: Lost Coast,76561197970565175,,0
360,Half-Life Deathmatch: Source,76561197970565175,,0
300,Day of Defeat: Source,76561197970565175,,123
10,Counter-Strike,76561197970565175,,0
20,Team Fortress Classic,76561197970565175,,0
30,Day of Defeat,76561197970565175,,0
40,Deathmatch Classic,76561197970565175,,0
50,Half-Life: Opposing Force,76561197970565175,,0
60,Ricochet,76561197970565175,,0
70,Half-Life,76561197970565175,,35
80,Counter-Strike: Condition Zero,76561197970565175,,0
100,Counter-Strike: Condition Zero,76561197970565175,,0
130,Half-Life: Blue Shift,76561197970565175,,0
380,Half-Life 2: Episode One,76561197970565175,,0
400,Portal,76561197970565175,,1
420,Half-Life 2: Episode Two,76561197970565175,,0
500,Left 4 Dead,76561197970565175,,249
550,Left 4 Dead 2,76561197970565175,,476
620,Portal 2,76561197970565175,,1130
730,Counter-Strike: Global Offensive,76561197970565175,,316
583950,Artifact,76561197970565175,,0
3330,Zuma Deluxe,76561197970565175,,33
3310,Chuzzle Deluxe,76561197970565175,,17
3480,Peggle Deluxe,76561197970565175,,11
10,Counter-Strike,76561197978181900,,18
20,Team Fortress Classic,76561197978181900,,0
30,Day of Defeat,76561197978181900,,0
40,Deathmatch Classic,76561197978181900,,0
50,Half-Life: Opposing Force,76561197978181900,,0
60,Ricochet,76561197978181900,,0
70,Half-Life,76561197978181900,,0
130,Half-Life: Blue Shift,76561197978181900,,0
1520,DEFCON,76561197978181900,,28
3830,Psychonauts,76561197978181900,,0
4700,Total War: MEDIEVAL II – Definitive Edition,76561197978181900,,615
7110,Jade Empire™: Special Edition,76561197978181900,,132
10,Counter-Strike,76561197978266558,,0
20,Team Fortress Classic,76561197978266558,,0
30,Day of Defeat,76561197978266558,,0
40,Deathmatch Classic,76561197978266558,,5
50,Half-Life: Opposing Force,76561197978266558,,0
60,Ricochet,76561197978266558,,0
70,Half-Life,76561197978266558,,0
80,Counter-Strike: Condition Zero,76561197978266558,,0
100,Counter-Strike: Condition Zero,76561197978266558,,0
130,Half-Life: Blue Shift,76561197978266558,,0
220,Half-Life 2,76561197978266558,,202
240,Counter-Strike: Source,76561197978266558,,0
280,Half-Life: Source,76561197978266558,,0
300,Day of Defeat: Source,76561197978266558,,0
320,Half-Life 2: Deathmatch,76561197978266558,,0
340,Half-Life 2: Lost Coast,76561197978266558,,0
360,Half-Life Deathmatch: Source,76561197978266558,,0
380,Half-Life 2: Episode One,76561197978266558,,0
400,Portal,76561197978266558,,176
420,Half-Life 2: Episode Two,76561197978266558,,0
500,Left 4 Dead,76561197978266558,,368
550,Left 4 Dead 2,76561197978266558,,1239
620,Portal 2,76561197978266558,,1186
730,Counter-Strike: Global Offensive,76561197978266558,,9777
583950,Artifact,76561197978266558,1207,2039
1300,SiN Episodes: Emergence,76561197978266558,,0
1309,SiN Episodes: Emergence,76561197978266558,,0
1313,SiN Episodes: Emergence,76561197978266558,,0
10,Counter-Strike,76561197985866466,,1013
80,Counter-Strike: Condition Zero,76561197985866466,,239
100,Counter-Strike: Condition Zero,76561197985866466,,58
300,Day of Defeat: Source,76561197985866466,,115
30,Day of Defeat,76561197985866466,,0
40,Deathmatch Classic,76561197985866466,,0
60,Ricochet,76561197985866466,,14
70,Half-Life,76561197985866466,,218
280,Half-Life: Source,76561197985866466,,23
360,Half-Life Deathmatch: Source,76561197985866466,,0
20,Team Fortress Classic,76561197985866466,,21
50,Half-Life: Opposing Force,76561197985866466,,291
130,Half-Life: Blue Shift,76561197985866466,,90
1600,Dangerous Waters,76561197985866466,,0
1900,Earth 2160,76561197985866466,,0
1510,Uplink,76561197985866466,,0
3410,Heavy Weapon Deluxe,76561197985866466,,0
1520,DEFCON,76561197985866466,,12
240,Counter-Strike: Source,76561197991518342,,49700
300,Day of Defeat: Source,76561197991518342,,0
320,Half-Life 2: Deathmatch,76561197991518342,,0
340,Half-Life 2: Lost Coast,76561197991518342,,0
20,Team Fortress Classic,76561197991518342,,0
50,Half-Life: Opposing Force,76561197991518342,,0
70,Half-Life,76561197991518342,,1
130,Half-Life: Blue Shift,76561197991518342,,0
4000,Garry's Mod,76561197991518342,,284
2990,FlatOut 2™,76561197991518342,,0
6210,Vegas: Make It Big™,76561197991518342,,0
6300,Dreamfall: The Longest Journey,76561197991518342,,3
6310,The Longest Journey,76561197991518342,,0
2720,ThreadSpace: Hyperbol,76561197991518342,,0
2200,Quake III Arena,76561197991518342,,0
2310,QUAKE,76561197991518342,,0
2320,QUAKE II,76561197991518342,,0
2330,QUAKE II Mission Pack: The Reckoning,76561197991518342,,0
2340,QUAKE II Mission Pack: Ground Zero,76561197991518342,,0
2350,QUAKE III: Team Arena,76561197991518342,,0
9030,QUAKE Mission Pack 2: Dissolution of Eternity,76561197991518342,,0
9040,QUAKE Mission Pack 1: Scourge of Armagon,76561197991518342,,0
220,Half-Life 2,76561197991518342,1644,2246
360,Half-Life Deathmatch: Source,76561197991518342,,0
380,Half-Life 2: Episode One,76561197991518342,,136
400,Portal,76561197991518342,,1090
420,Half-Life 2: Episode Two,76561197991518342,,312
4230,RACE - The WTCC Game,76561197991518342,,0
4290,RACE: Caterham Expansion,76561197991518342,,0
10,Counter-Strike,76561197991885937,,0
20,Team Fortress Classic,76561197991885937,,0
30,Day of Defeat,76561197991885937,,0
40,Deathmatch Classic,76561197991885937,,0
50,Half-Life: Opposing Force,76561197991885937,,0
60,Ricochet,76561197991885937,,0
70,Half-Life,76561197991885937,,0
80,Counter-Strike: Condition Zero,76561197991885937,,0
100,Counter-Strike: Condition Zero,76561197991885937,,0
130,Half-Life: Blue Shift,76561197991885937,,0
220,Half-Life 2,76561197991885937,,0
240,Counter-Strike: Source,76561197991885937,,0
280,Half-Life: Source,76561197991885937,,0
300,Day of Defeat: Source,76561197991885937,,0
320,Half-Life 2: Deathmatch,76561197991885937,,0
340,Half-Life 2: Lost Coast,76561197991885937,,0
360,Half-Life Deathmatch: Source,76561197991885937,,0
380,Half-Life 2: Episode One,76561197991885937,,0
400,Portal,76561197991885937,,59
420,Half-Life 2: Episode Two,76561197991885937,,0
500,Left 4 Dead,76561197991885937,,0
550,Left 4 Dead 2,76561197991885937,,496
620,Portal 2,76561197991885937,,704
730,Counter-Strike: Global Offensive,76561197991885937,,0
10,Counter-Strike,76561197992219796,,428
20,Team Fortress Classic,76561197992219796,,0
30,Day of Defeat,76561197992219796,,0
40,Deathmatch Classic,76561197992219796,,0
50,Half-Life: Opposing Force,76561197992219796,,0
60,Ricochet,76561197992219796,,2
70,Half-Life,76561197992219796,,1735
80,Counter-Strike: Condition Zero,76561197992219796,,0
100,Counter-Strike: Condition Zero,76561197992219796,,0
130,Half-Life: Blue Shift,76561197992219796,,0
220,Half-Life 2,76561197992219796,,448
240,Counter-Strike: Source,76561197992219796,,17
280,Half-Life: Source,76561197992219796,,0
300,Day of Defeat: Source,76561197992219796,,0
320,Half-Life 2: Deathmatch,76561197992219796,,0
340,Half-Life 2: Lost Coast,76561197992219796,,9
360,Half-Life Deathmatch: Source,76561197992219796,,0
380,Half-Life 2: Episode One,76561197992219796,,0
400,Portal,76561197992219796,,209
420,Half-Life 2: Episode Two,76561197992219796,,0
500,Left 4 Dead,76561197992219796,,713
550,Left 4 Dead 2,76561197992219796,,352
620,Portal 2,76561197992219796,,4940
730,Counter-Strike: Global Offensive,76561197992219796,,1340
300,Day of Defeat: Source,76561197996599994,,22
20,Team Fortress Classic,76561197996599994,,105
50,Half-Life: Opposing Force,76561197996599994,,80
70,Half-Life,76561197996599994,,133
130,Half-Life: Blue Shift,76561197996599994,,44
280,Half-Life: Source,76561197996599994,,46
360,Half-Life Deathmatch: Source,76561197996599994,,90
1200,Red Orchestra: Ostfront 41-45,76561197996599994,,0
1230,Mare Nostrum,76561197996599994,,0
1280,Darkest Hour: Europe '44-'45,76561197996599994,,0
1520,DEFCON,76561197996599994,,355
3830,Psychonauts,76561197996599994,,0
3900,Sid Meier's Civilization® IV,76561197996599994,,2
34440,Sid Meier's Civilization® IV,76561197996599994,,0
10,Counter-Strike,76561197997374662,,263
80,Counter-Strike: Condition Zero,76561197997374662,,0
100,Counter-Strike: Condition Zero,76561197997374662,,0
70,Half-Life,76561197997374662,,1
240,Counter-Strike: Source,76561197997374662,,893
4000,Garry's Mod,76561197997374662,,212
300,Day of Defeat: Source,76561197999825207,,121
70,Half-Life,76561197999825207,,1077
240,Counter-Strike: Source,76561197999825207,,215
280,Half-Life: Source,76561197999825207,,6
360,Half-Life Deathmatch: Source,76561197999825207,,0
20,Team Fortress Classic,76561197999825207,,52
50,Half-Life: Opposing Force,76561197999825207,,141
130,Half-Life: Blue Shift,76561197999825207,,106
1200,Red Orchestra: Ostfront 41-45,76561197999825207,,0
1230,Mare Nostrum,76561197999825207,,0
1280,Darkest Hour: Europe '44-'45,76561197999825207,,0
4000,Garry's Mod,76561197999825207,,45932
6300,Dreamfall: The Longest Journey,76561197999825207,,688
20,Team Fortress Classic,76561198000198761,,265
50,Half-Life: Opposing Force,76561198000198761,,8
70,Half-Life,76561198000198761,,300
130,Half-Life: Blue Shift,76561198000198761,,0
3830,Psychonauts,76561198000198761,,12
240,Counter-Strike: Source,76561198000198761,,315
4000,Garry's Mod,76561198000198761,,2624
10,Counter-Strike,76561198002118002,,881
30,Day of Defeat,76561198002118002,,0
40,Deathmatch Classic,76561198002118002,,0
60,Ricochet,76561198002118002,,0
80,Counter-Strike: Condition Zero,76561198002118002,,0
100,Counter-Strike: Condition Zero,76561198002118002,,0
20,Team Fortress Classic,76561198002118002,,0
50,Half-Life: Opposing Force,76561198002118002,,0
70,Half-Life,76561198002118002,,164
130,Half-Life: Blue Shift,76561198002118002,,0
240,Counter-Strike: Source,76561198002118002,,45603
300,Day of Defeat: Source,76561198002118002,,389
320,Half-Life 2: Deathmatch,76561198002118002,,1005
340,Half-Life 2: Lost Coast,76561198002118002,,0
1200,Red Orchestra: Ostfront 41-45,76561198002118002,,0
1230,Mare Nostrum,76561198002118002,,0
1280,Darkest Hour: Europe '44-'45,76561198002118002,,7
1300,SiN Episodes: Emergence,76561198002118002,,0
1309,SiN Episodes: Emergence,76561198002118002,,0
1313,SiN Episodes: Emergence,76561198002118002,,0
2400,The Ship: Murder Party,76561198002118002,,0
2420,The Ship: Single Player,76561198002118002,,0
20,Team Fortress Classic,76561198007754155,,2550
4000,Garry's Mod,76561198007754155,,0
220,Half-Life 2,76561198007754155,,82
340,Half-Life 2: Lost Coast,76561198007754155,,0
12900,AudioSurf,76561198007754155,,1
22000,World of Goo,76561198007754155,,0
3320,Insaniquarium Deluxe,76561198031319803,,1314
2700,RollerCoaster Tycoon® 3: Platinum,76561198031319803,,396
16100,Virtual Villagers: A New Home,76561198031319803,,4322
16110,Virtual Villagers: The Lost Children,76561198031319803,,3000
16120,Plant Tycoon,76561198031319803,,2061
16130,Fish Tycoon,76561198031319803,,0
16180,Virtual Villagers - The Secret City,76561198031319803,,4925
400,Portal,76561198031319803,,143
37240,Diner Dash:® Hometown Hero™,76561198031319803,,2272
37300,DinerTown Tycoon,76561198031319803,,2113
10,Counter-Strike,76561198047404672,,1
20,Team Fortress Classic,76561198047404672,,0
30,Day of Defeat,76561198047404672,,0
40,Deathmatch Classic,76561198047404672,,0
50,Half-Life: Opposing Force,76561198047404672,,0
60,Ricochet,76561198047404672,,0
70,Half-Life,76561198047404672,,0
80,Counter-Strike: Condition Zero,76561198047404672,,0
100,Counter-Strike: Condition Zero,76561198047404672,,0
130,Half-Life: Blue Shift,76561198047404672,,0
220,Half-Life 2,76561198047404672,,113
240,Counter-Strike: Source,76561198047404672,,0
280,Half-Life: Source,76561198047404672,,12
300,Day of Defeat: Source,76561198047404672,,0
320,Half-Life 2: Deathmatch,76561198047404672,,0
340,Half-Life 2: Lost Coast,76561198047404672,,0
360,Half-Life Deathmatch: Source,76561198047404672,,1
380,Half-Life 2: Episode One,76561198047404672,,1
400,Portal,76561198047404672,,0
420,Half-Life 2: Episode Two,76561198047404672,,1
500,Left 4 Dead,76561198047404672,,6
550,Left 4 Dead 2,76561198047404672,,2
620,Portal 2,76561198047404672,,101
730,Counter-Strike: Global Offensive,76561198047404672,,440
10,Counter-Strike,76561197960265744,,0
20,Team Fortress Classic,76561197960265744,,0
30,Day of Defeat,76561197960265744,,0
40,Deathmatch Classic,76561197960265744,,0
50,Half-Life: Opposing Force,76561197960265744,,0
60,Ricochet,76561197960265744,,0
70,Half-Life,76561197960265744,,260
130,Half-Life: Blue Shift,76561197960265744,,0
80,Counter-Strike: Condition Zero,76561197960265744,,0
100,Counter-Strike: Condition Zero,76561197960265744,,0
220,Half-Life 2,76561197960265744,,72
240,Counter-Strike: Source,76561197960265744,,0
280,Half-Life: Source,76561197960265744,,0
300,Day of Defeat: Source,76561197960265744,,0
320,Half-Life 2: Deathmatch,76561197960265744,,0
340,Half-Life 2: Lost Coast,76561197960265744,,2
360,Half-Life Deathmatch: Source,76561197960265744,,0
380,Half-Life 2: Episode One,76561197960265744,,0
400,Portal,76561197960265744,,29
420,Half-Life 2: Episode Two,76561197960265744,,0
500,Left 4 Dead,76561197960265744,,0
550,Left 4 Dead 2,76561197960265744,,18
620,Portal 2,76561197960265744,,871
730,Counter-Strike: Global Offensive,76561197960265744,,0
10,Counter-Strike,76561197960276662,,7
20,Team Fortress Classic,76561197960276662,,0
30,Day of Defeat,76561197960276662,,0
40,Deathmatch Classic,76561197960276662,,0
50,Half-Life: Opposing Force,76561197960276662,,0
60,Ricochet,76561197960276662,,0
70,Half-Life,76561197960276662,,0
130,Half-Life: Blue Shift,76561197960276662,,0
80,Counter-Strike: Condition Zero,76561197960276662,,0
100,Counter-Strike: Condition Zero,76561197960276662,,0
220,Half-Life 2,76561197960276662,,185
240,Counter-Strike: Source,76561197960276662,,893
280,Half-Life: Source,76561197960276662,,171
300,Day of Defeat: Source,76561197960276662,,0
320,Half-Life 2: Deathmatch,76561197960276662,,0
340,Half-Life 2: Lost Coast,76561197960276662,,0
360,Half-Life Deathmatch: Source,76561197960276662,,0
380,Half-Life 2: Episode One,76561197960276662,,0
400,Portal,76561197960276662,,308
420,Half-Life 2: Episode Two,76561197960276662,,0
500,Left 4 Dead,76561197960276662,,355
550,Left 4 Dead 2,76561197960276662,,336
620,Portal 2,76561197960276662,,523
730,Counter-Strike: Global Offensive,76561197960276662,,688
10,Counter-Strike,76561197997917134,,55114
30,Day of Defeat,76561197997917134,,15
40,Deathmatch Classic,76561197997917134,,0
60,Ricochet,76561197997917134,,4
80,Counter-Strike: Condition Zero,76561197997917134,,60
100,Counter-Strike: Condition Zero,76561197997917134,,12
1610,Space Empires IV Deluxe,76561197997917134,,0
2400,The Ship: Murder Party,76561197997917134,,262
2420,The Ship: Single Player,76561197997917134,,0
300,Day of Defeat: Source,76561198030888671,,13
70,Half-Life,76561198030888671,,52
220,Half-Life 2,76561198030888671,,34
340,Half-Life 2: Lost Coast,76561198030888671,,0
240,Counter-Strike: Source,76561198030888671,,6184
320,Half-Life 2: Deathmatch,76561198030888671,,0
360,Half-Life Deathmatch: Source,76561198030888671,,0
380,Half-Life 2: Episode One,76561198030888671,,1
10,Counter-Strike,76561197960530542,,0
20,Team Fortress Classic,76561197960530542,,0
30,Day of Defeat,76561197960530542,,0
40,Deathmatch Classic,76561197960530542,,0
50,Half-Life: Opposing Force,76561197960530542,,0
60,Ricochet,76561197960530542,,0
70,Half-Life,76561197960530542,,0
130,Half-Life: Blue Shift,76561197960530542,,0
80,Counter-Strike: Condition Zero,76561197960530542,,0
100,Counter-Strike: Condition Zero,76561197960530542,,0
220,Half-Life 2,76561197960530542,,352
240,Counter-Strike: Source,76561197960530542,,73
280,Half-Life: Source,76561197960530542,,0
300,Day of Defeat: Source,76561197960530542,,93
320,Half-Life 2: Deathmatch,76561197960530542,,0
340,Half-Life 2: Lost Coast,76561197960530542,,0
360,Half-Life Deathmatch: Source,76561197960530542,,0
1510,Uplink,76561197960530542,,67
3920,Sid Meier's Pirates!,76561197960530542,,0
4000,Garry's Mod,76561197960530542,,1079
380,Half-Life 2: Episode One,76561197960530542,,3
400,Portal,76561197960530542,,4
420,Half-Life 2: Episode Two,76561197960530542,,3
220,Half-Life 2,76561197978165703,,534
240,Counter-Strike: Source,76561197978165703,,218
320,Half-Life 2: Deathmatch,76561197978165703,,85
340,Half-Life 2: Lost Coast,76561197978165703,,6
10,Counter-Strike,76561197978165703,,0
20,Team Fortress Classic,76561197978165703,,0
30,Day of Defeat,76561197978165703,,0
40,Deathmatch Classic,76561197978165703,,0
50,Half-Life: Opposing Force,76561197978165703,,7
60,Ricochet,76561197978165703,,0
70,Half-Life,76561197978165703,,195
80,Counter-Strike: Condition Zero,76561197978165703,,0
100,Counter-Strike: Condition Zero,76561197978165703,,0
130,Half-Life: Blue Shift,76561197978165703,,0
280,Half-Life: Source,76561197978165703,,8
300,Day of Defeat: Source,76561197978165703,,0
360,Half-Life Deathmatch: Source,76561197978165703,,0
380,Half-Life 2: Episode One,76561197978165703,,6
2400,The Ship: Murder Party,76561197978165703,,0
10,Counter-Strike,76561197979638118,,71
80,Counter-Strike: Condition Zero,76561197979638118,,1181
100,Counter-Strike: Condition Zero,76561197979638118,,44
300,Day of Defeat: Source,76561197979638118,,139
30,Day of Defeat,76561197979638118,,0
40,Deathmatch Classic,76561197979638118,,0
60,Ricochet,76561197979638118,,0
280,Half-Life: Source,76561197979638118,,0
360,Half-Life Deathmatch: Source,76561197979638118,,0
20,Team Fortress Classic,76561197979638118,,0
50,Half-Life: Opposing Force,76561197979638118,,0
70,Half-Life,76561197979638118,,158
130,Half-Life: Blue Shift,76561197979638118,,81
1300,SiN Episodes: Emergence,76561197979638118,,8
1309,SiN Episodes: Emergence,76561197979638118,,0
1313,SiN Episodes: Emergence,76561197979638118,,0
2400,The Ship: Murder Party,76561197979638118,,167
20,Team Fortress Classic,76561197982159332,,29
50,Half-Life: Opposing Force,76561197982159332,,59
70,Half-Life,76561197982159332,,139
130,Half-Life: Blue Shift,76561197982159332,,26
300,Day of Defeat: Source,76561197982159332,,244
220,Half-Life 2,76561197982159332,,1456
340,Half-Life 2: Lost Coast,76561197982159332,,39
240,Counter-Strike: Source,76561197982159332,,22
280,Half-Life: Source,76561197982159332,,168
360,Half-Life Deathmatch: Source,76561197982159332,,23
320,Half-Life 2: Deathmatch,76561197982159332,,6
380,Half-Life 2: Episode One,76561197982159332,,81
2400,The Ship: Murder Party,76561197982159332,,126
240,Counter-Strike: Source,76561198004778355,,6507
300,Day of Defeat: Source,76561198004778355,,2321
320,Half-Life 2: Deathmatch,76561198004778355,,237
340,Half-Life 2: Lost Coast,76561198004778355,,150
30,Day of Defeat,76561198004778355,,0
1520,DEFCON,76561198004778355,,54
4000,Garry's Mod,76561198004778355,472,39174
2990,FlatOut 2™,76561198004778355,,0
6200,Ghost Master®,76561198004778355,,232
6220,FlatOut,76561198004778355,,27
10,Counter-Strike,76561198070165723,,0
80,Counter-Strike: Condition Zero,76561198070165723,,0
100,Counter-Strike: Condition Zero,76561198070165723,,15
300,Day of Defeat: Source,76561198070165723,,6
20,Team Fortress Classic,76561198070165723,,0
30,Day of Defeat,76561198070165723,,0
40,Deathmatch Classic,76561198070165723,,0
50,Half-Life: Opposing Force,76561198070165723,,0
60,Ricochet,76561198070165723,,0
70,Half-Life,76561198070165723,,0
130,Half-Life: Blue Shift,76561198070165723,,0
220,Half-Life 2,76561198070165723,,0
340,Half-Life 2: Lost Coast,76561198070165723,,0
240,Counter-Strike: Source,76561198070165723,,7
280,Half-Life: Source,76561198070165723,,0
360,Half-Life Deathmatch: Source,76561198070165723,,0
320,Half-Life 2: Deathmatch,76561198070165723,,0
380,Half-Life 2: Episode One,76561198070165723,,0
4000,Garry's Mod,76561198070165723,,3583
2280,Ultimate Doom,76561198070165723,,33
2320,QUAKE II,76561198070165723,,187
400,Portal,76561198070165723,,1
420,Half-Life 2: Episode Two,76561198070165723,,0
500,Left 4 Dead,76561198070165723,,0
10,Counter-Strike,76561197960447866,,0
20,Team Fortress Classic,76561197960447866,,0
30,Day of Defeat,76561197960447866,,0
40,Deathmatch Classic,76561197960447866,,0
50,Half-Life: Opposing Force,76561197960447866,,0
60,Ricochet,76561197960447866,,0
70,Half-Life,76561197960447866,,0
80,Counter-Strike: Condition Zero,76561197960447866,,0
100,Counter-Strike: Condition Zero,76561197960447866,,0
130,Half-Life: Blue Shift,76561197960447866,,0
220,Half-Life 2,76561197960447866,,0
240,Counter-Strike: Source,76561197960447866,,87
280,Half-Life: Source,76561197960447866,,0
300,Day of Defeat: Source,76561197960447866,,0
320,Half-Life 2: Deathmatch,76561197960447866,,0
340,Half-Life 2: Lost Coast,76561197960447866,,0
360,Half-Life Deathmatch: Source,76561197960447866,,0
380,Half-Life 2: Episode One,76561197960447866,,0
400,Portal,76561197960447866,,477
420,Half-Life 2: Episode Two,76561197960447866,,0
500,Left 4 Dead,76561197960447866,,9
550,Left 4 Dead 2,76561197960447866,,407
620,Portal 2,76561197960447866,,1750
730,Counter-Strike: Global Offensive,76561197960447866,,16
240,Counter-Strike: Source,76561197996869097,,68
1200,Red Orchestra: Ostfront 41-45,76561197996869097,,17
1230,Mare Nostrum,76561197996869097,,0
1280,Darkest Hour: Europe '44-'45,76561197996869097,,0
2400,The Ship: Murder Party,76561197996869097,,624
300,Day of Defeat: Source,76561198023936575,,237
280,Half-Life: Source,76561198023936575,,551
360,Half-Life Deathmatch: Source,76561198023936575,,2
320,Half-Life 2: Deathmatch,76561198023936575,,87
20,Team Fortress Classic,76561198023936575,,4
50,Half-Life: Opposing Force,76561198023936575,,38
70,Half-Life,76561198023936575,,0
130,Half-Life: Blue Shift,76561198023936575,,0
10,Counter-Strike,76561198023936575,,1237
30,Day of Defeat,76561198023936575,,0
40,Deathmatch Classic,76561198023936575,,0
60,Ricochet,76561198023936575,,0
80,Counter-Strike: Condition Zero,76561198023936575,,14778
100,Counter-Strike: Condition Zero,76561198023936575,,18
240,Counter-Strike: Source,76561198023936575,,46359
4000,Garry's Mod,76561198023936575,,259
7600,Sid Meier's Railroads!,76561198023936575,,0
7610,Railroad Tycoon 3,76561198023936575,,0
7620,Railroad Tycoon II Platinum,76561198023936575,,0
220,Half-Life 2,76561198023936575,,1959
340,Half-Life 2: Lost Coast,76561198023936575,,78
380,Half-Life 2: Episode One,76561198023936575,,551
400,Portal,76561198023936575,,532
420,Half-Life 2: Episode Two,76561198023936575,,1006
10,Counter-Strike,76561197960265942,,44
20,Team Fortress Classic,76561197960265942,,192
30,Day of Defeat,76561197960265942,,10
40,Deathmatch Classic,76561197960265942,,0
50,Half-Life: Opposing Force,76561197960265942,,10
60,Ricochet,76561197960265942,,1
70,Half-Life,76561197960265942,,128
130,Half-Life: Blue Shift,76561197960265942,,31
80,Counter-Strike: Condition Zero,76561197960265942,,0
100,Counter-Strike: Condition Zero,76561197960265942,,0
220,Half-Life 2,76561197960265942,,531
240,Counter-Strike: Source,76561197960265942,,329
280,Half-Life: Source,76561197960265942,,153
300,Day of Defeat: Source,76561197960265942,,631
320,Half-Life 2: Deathmatch,76561197960265942,,0
340,Half-Life 2: Lost Coast,76561197960265942,,0
360,Half-Life Deathmatch: Source,76561197960265942,,0
1002,Rag Doll Kung Fu,76561197960265942,,0
1200,Red Orchestra: Ostfront 41-45,76561197960265942,,0
1230,Mare Nostrum,76561197960265942,,0
1280,Darkest Hour: Europe '44-'45,76561197960265942,,0
3830,Psychonauts,76561197960265942,,0
3910,Sid Meier's Civilization® III Complete,76561197960265942,,91
3920,Sid Meier's Pirates!,76561197960265942,,0
10,Counter-Strike,76561197960404668,,0
20,Team Fortress Classic,76561197960404668,,0
30,Day of Defeat,76561197960404668,,0
40,Deathmatch Classic,76561197960404668,,0
50,Half-Life: Opposing Force,76561197960404668,,0
60,Ricochet,76561197960404668,,0
70,Half-Life,76561197960404668,,0
130,Half-Life: Blue Shift,76561197960404668,,0
80,Counter-Strike: Condition Zero,76561197960404668,,0
100,Counter-Strike: Condition Zero,76561197960404668,,0
220,Half-Life 2,76561197960404668,,0
240,Counter-Strike: Source,76561197960404668,,0
320,Half-Life 2: Deathmatch,76561197960404668,,0
340,Half-Life 2: Lost Coast,76561197960404668,,0
280,Half-Life: Source,76561197960404668,,0
300,Day of Defeat: Source,76561197960404668,,0
360,Half-Life Deathmatch: Source,76561197960404668,,0
380,Half-Life 2: Episode One,76561197960404668,,0
400,Portal,76561197960404668,,0
420,Half-Life 2: Episode Two,76561197960404668,,0
500,Left 4 Dead,76561197960404668,,0
550,Left 4 Dead 2,76561197960404668,,0
620,Portal 2,76561197960404668,,0
730,Counter-Strike: Global Offensive,76561197960404668,,0
10,Counter-Strike,76561197960410103,,0
20,Team Fortress Classic,76561197960410103,,0
30,Day of Defeat,76561197960410103,,0
40,Deathmatch Classic,76561197960410103,,0
50,Half-Life: Opposing Force,76561197960410103,,0
60,Ricochet,76561197960410103,,0
70,Half-Life,76561197960410103,,0
130,Half-Life: Blue Shift,76561197960410103,,0
80,Counter-Strike: Condition Zero,76561197960410103,,0
100,Counter-Strike: Condition Zero,76561197960410103,,0
220,Half-Life 2,76561197960410103,,0
240,Counter-Strike: Source,76561197960410103,,0
280,Half-Life: Source,76561197960410103,,0
300,Day of Defeat: Source,76561197960410103,,0
320,Half-Life 2: Deathmatch,76561197960410103,,0
340,Half-Life 2: Lost Coast,76561197960410103,,0
360,Half-Life Deathmatch: Source,76561197960410103,,0
1200,Red Orchestra: Ostfront 41-45,76561197960410103,,0
1230,Mare Nostrum,76561197960410103,,0
1280,Darkest Hour: Europe '44-'45,76561197960410103,,0
2400,The Ship: Murder Party,76561197960410103,,0
2420,The Ship: Single Player,76561197960410103,,0
10,Counter-Strike,76561197960670870,,0
20,Team Fortress Classic,76561197960670870,,0
30,Day of Defeat,76561197960670870,,0
40,Deathmatch Classic,76561197960670870,,0
50,Half-Life: Opposing Force,76561197960670870,,0
60,Ricochet,76561197960670870,,0
70,Half-Life,76561197960670870,,0
130,Half-Life: Blue Shift,76561197960670870,,0
80,Counter-Strike: Condition Zero,76561197960670870,,0
100,Counter-Strike: Condition Zero,76561197960670870,,0
220,Half-Life 2,76561197960670870,,0
240,Counter-Strike: Source,76561197960670870,,0
280,Half-Life: Source,76561197960670870,,0
300,Day of Defeat: Source,76561197960670870,,0
320,Half-Life 2: Deathmatch,76561197960670870,,0
340,Half-Life 2: Lost Coast,76561197960670870,,0
360,Half-Life Deathmatch: Source,76561197960670870,,0
1200,Red Orchestra: Ostfront 41-45,76561197960670870,,0
1230,Mare Nostrum,76561197960670870,,0
1280,Darkest Hour: Europe '44-'45,76561197960670870,,0
1300,SiN Episodes: Emergence,76561197960670870,,0
1309,SiN Episodes: Emergence,76561197960670870,,0
1313,SiN Episodes: Emergence,76561197960670870,,0
380,Half-Life 2: Episode One,76561197960670870,,0
2810,X3: Reunion,76561197960670870,,0
1500,Darwinia,76561197960670870,,0
1510,Uplink,76561197960670870,,0
1520,DEFCON,76561197960670870,,0
3910,Sid Meier's Civilization® III Complete,76561197960670870,,0
2620,Call of Duty®,76561197960670870,,0
2630,Call of Duty® 2,76561197960670870,,0
2640,Call of Duty: United Offensive,76561197960670870,,0
10,Counter-Strike,76561197960789466,,0
20,Team Fortress Classic,76561197960789466,,138
30,Day of Defeat,76561197960789466,,0
40,Deathmatch Classic,76561197960789466,,0
50,Half-Life: Opposing Force,76561197960789466,,0
60,Ricochet,76561197960789466,,0
70,Half-Life,76561197960789466,,1
130,Half-Life: Blue Shift,76561197960789466,,0
220,Half-Life 2,76561197960789466,,221
240,Counter-Strike: Source,76561197960789466,,170
320,Half-Life 2: Deathmatch,76561197960789466,,0
340,Half-Life 2: Lost Coast,76561197960789466,,0
3320,Insaniquarium Deluxe,76561197960789466,,373
4000,Garry's Mod,76561197960789466,,0
2720,ThreadSpace: Hyperbol,76561197960789466,,0
2270,Wolfenstein 3D,76561197960789466,,0
9000,Spear of Destiny,76561197960789466,,0
9010,Return to Castle Wolfenstein,76561197960789466,,0
360,Half-Life Deathmatch: Source,76561197960789466,,0
380,Half-Life 2: Episode One,76561197960789466,,0
400,Portal,76561197960789466,,96
420,Half-Life 2: Episode Two,76561197960789466,,0
10,Counter-Strike,76561197960863735,,0
20,Team Fortress Classic,76561197960863735,,0
30,Day of Defeat,76561197960863735,,0
40,Deathmatch Classic,76561197960863735,,0
50,Half-Life: Opposing Force,76561197960863735,,0
60,Ricochet,76561197960863735,,0
70,Half-Life,76561197960863735,,0
130,Half-Life: Blue Shift,76561197960863735,,0
80,Counter-Strike: Condition Zero,76561197960863735,,0
100,Counter-Strike: Condition Zero,76561197960863735,,0
220,Half-Life 2,76561197960863735,,0
240,Counter-Strike: Source,76561197960863735,,537
320,Half-Life 2: Deathmatch,76561197960863735,,0
340,Half-Life 2: Lost Coast,76561197960863735,,0
500,Left 4 Dead,76561197960863735,,3958
10,Counter-Strike,76561197960960648,,836
20,Team Fortress Classic,76561197960960648,,0
30,Day of Defeat,76561197960960648,,0
40,Deathmatch Classic,76561197960960648,,0
50,Half-Life: Opposing Force,76561197960960648,,168
60,Ricochet,76561197960960648,,0
70,Half-Life,76561197960960648,,114
130,Half-Life: Blue Shift,76561197960960648,,0
220,Half-Life 2,76561197960960648,,2020
240,Counter-Strike: Source,76561197960960648,,2827
280,Half-Life: Source,76561197960960648,,0
320,Half-Life 2: Deathmatch,76561197960960648,,42
340,Half-Life 2: Lost Coast,76561197960960648,,18
360,Half-Life Deathmatch: Source,76561197960960648,,0
380,Half-Life 2: Episode One,76561197960960648,,34
10,Counter-Strike,76561197961103881,,831
20,Team Fortress Classic,76561197961103881,,15
30,Day of Defeat,76561197961103881,,0
40,Deathmatch Classic,76561197961103881,,0
50,Half-Life: Opposing Force,76561197961103881,,0
60,Ricochet,76561197961103881,,0
70,Half-Life,76561197961103881,,5
130,Half-Life: Blue Shift,76561197961103881,,0
300,Day of Defeat: Source,76561197961103881,,906
220,Half-Life 2,76561197961103881,,58
340,Half-Life 2: Lost Coast,76561197961103881,,16
240,Counter-Strike: Source,76561197961103881,,5582
1200,Red Orchestra: Ostfront 41-45,76561197961103881,,0
1230,Mare Nostrum,76561197961103881,,0
1280,Darkest Hour: Europe '44-'45,76561197961103881,,126
3910,Sid Meier's Civilization® III Complete,76561197961103881,,27
4000,Garry's Mod,76561197961103881,,6
320,Half-Life 2: Deathmatch,76561197961103881,,0
10,Counter-Strike,76561197961147515,,644
20,Team Fortress Classic,76561197961147515,,0
30,Day of Defeat,76561197961147515,,0
40,Deathmatch Classic,76561197961147515,,0
50,Half-Life: Opposing Force,76561197961147515,,0
60,Ricochet,76561197961147515,,0
70,Half-Life,76561197961147515,,23
130,Half-Life: Blue Shift,76561197961147515,,0
80,Counter-Strike: Condition Zero,76561197961147515,,0
100,Counter-Strike: Condition Zero,76561197961147515,,0
220,Half-Life 2,76561197961147515,,154
240,Counter-Strike: Source,76561197961147515,,5810
280,Half-Life: Source,76561197961147515,,0
300,Day of Defeat: Source,76561197961147515,,976
320,Half-Life 2: Deathmatch,76561197961147515,,13
340,Half-Life 2: Lost Coast,76561197961147515,,0
360,Half-Life Deathmatch: Source,76561197961147515,,0
380,Half-Life 2: Episode One,76561197961147515,,0
3920,Sid Meier's Pirates!,76561197961147515,,59
4700,Total War: MEDIEVAL II – Definitive Edition,76561197961147515,,928
4000,Garry's Mod,76561197961147515,,153
10,Counter-Strike,76561197962067929,,0
20,Team Fortress Classic,76561197962067929,,0
30,Day of Defeat,76561197962067929,,0
40,Deathmatch Classic,76561197962067929,,0
50,Half-Life: Opposing Force,76561197962067929,,0
60,Ricochet,76561197962067929,,0
70,Half-Life,76561197962067929,,0
130,Half-Life: Blue Shift,76561197962067929,,0
80,Counter-Strike: Condition Zero,76561197962067929,,0
100,Counter-Strike: Condition Zero,76561197962067929,,0
220,Half-Life 2,76561197962067929,,0
240,Counter-Strike: Source,76561197962067929,,0
320,Half-Life 2: Deathmatch,76561197962067929,,0
340,Half-Life 2: Lost Coast,76561197962067929,,0
300,Day of Defeat: Source,76561197962067929,,0
280,Half-Life: Source,76561197962067929,,0
360,Half-Life Deathmatch: Source,76561197962067929,,0
4000,Garry's Mod,76561197962067929,,0
10,Counter-Strike,76561197964456477,,10
20,Team Fortress Classic,76561197964456477,,0
30,Day of Defeat,76561197964456477,,1
40,Deathmatch Classic,76561197964456477,,0
50,Half-Life: Opposing Force,76561197964456477,,0
60,Ricochet,76561197964456477,,0
70,Half-Life,76561197964456477,,0
130,Half-Life: Blue Shift,76561197964456477,,0
220,Half-Life 2,76561197964456477,,481
240,Counter-Strike: Source,76561197964456477,,12711
320,Half-Life 2: Deathmatch,76561197964456477,,0
340,Half-Life 2: Lost Coast,76561197964456477,,0
300,Day of Defeat: Source,76561197964456477,,0
1900,Earth 2160,76561197964456477,,33
4000,Garry's Mod,76561197964456477,,17926
10,Counter-Strike,76561197965963287,,0
20,Team Fortress Classic,76561197965963287,,0
30,Day of Defeat,76561197965963287,,0
40,Deathmatch Classic,76561197965963287,,0
50,Half-Life: Opposing Force,76561197965963287,,0
60,Ricochet,76561197965963287,,0
70,Half-Life,76561197965963287,,14
130,Half-Life: Blue Shift,76561197965963287,,0
80,Counter-Strike: Condition Zero,76561197965963287,,0
100,Counter-Strike: Condition Zero,76561197965963287,,0
220,Half-Life 2,76561197965963287,,105
240,Counter-Strike: Source,76561197965963287,,0
280,Half-Life: Source,76561197965963287,,0
320,Half-Life 2: Deathmatch,76561197965963287,,0
340,Half-Life 2: Lost Coast,76561197965963287,,4
360,Half-Life Deathmatch: Source,76561197965963287,,0
1300,SiN Episodes: Emergence,76561197965963287,,0
1309,SiN Episodes: Emergence,76561197965963287,,0
1313,SiN Episodes: Emergence,76561197965963287,,32
380,Half-Life 2: Episode One,76561197965963287,,63
1520,DEFCON,76561197965963287,,4709
3830,Psychonauts,76561197965963287,,115
1700,Arx Fatalis,76561197965963287,,0
10,Counter-Strike,76561197967227013,,1374
20,Team Fortress Classic,76561197967227013,,41
30,Day of Defeat,76561197967227013,,0
40,Deathmatch Classic,76561197967227013,,0
50,Half-Life: Opposing Force,76561197967227013,,0
60,Ricochet,76561197967227013,,0
70,Half-Life,76561197967227013,,4
130,Half-Life: Blue Shift,76561197967227013,,0
80,Counter-Strike: Condition Zero,76561197967227013,,69
100,Counter-Strike: Condition Zero,76561197967227013,,1
220,Half-Life 2,76561197967227013,,121
240,Counter-Strike: Source,76561197967227013,341,242255
280,Half-Life: Source,76561197967227013,,0
320,Half-Life 2: Deathmatch,76561197967227013,,3648
340,Half-Life 2: Lost Coast,76561197967227013,,0
360,Half-Life Deathmatch: Source,76561197967227013,,0
300,Day of Defeat: Source,76561197967227013,,374
4000,Garry's Mod,76561197967227013,1289,303819
10,Counter-Strike,76561197967238472,,0
20,Team Fortress Classic,76561197967238472,,0
30,Day of Defeat,76561197967238472,,0
40,Deathmatch Classic,76561197967238472,,0
50,Half-Life: Opposing Force,76561197967238472,,0
60,Ricochet,76561197967238472,,0
70,Half-Life,76561197967238472,,0
130,Half-Life: Blue Shift,76561197967238472,,0
80,Counter-Strike: Condition Zero,76561197967238472,,0
100,Counter-Strike: Condition Zero,76561197967238472,,0
220,Half-Life 2,76561197967238472,,98
240,Counter-Strike: Source,76561197967238472,,0
280,Half-Life: Source,76561197967238472,,0
300,Day of Defeat: Source,76561197967238472,,232
320,Half-Life 2: Deathmatch,76561197967238472,,0
340,Half-Life 2: Lost Coast,76561197967238472,,0
360,Half-Life Deathmatch: Source,76561197967238472,,0
1300,SiN Episodes: Emergence,76561197967238472,,0
1309,SiN Episodes: Emergence,76561197967238472,,0
1313,SiN Episodes: Emergence,76561197967238472,,0
4000,Garry's Mod,76561197967238472,,176
10,Counter-Strike,76561197969249708,,8743
20,Team Fortress Classic,76561197969249708,,8743
30,Day of Defeat,76561197969249708,,8743
40,Deathmatch Classic,76561197969249708,,8743
50,Half-Life: Opposing Force,76561197969249708,,8743
60,Ricochet,76561197969249708,,8911
70,Half-Life,76561197969249708,,8743
130,Half-Life: Blue Shift,76561197969249708,,8743
220,Half-Life 2,76561197969249708,,9842
240,Counter-Strike: Source,76561197969249708,,11992
320,Half-Life 2: Deathmatch,76561197969249708,,8776
340,Half-Life 2: Lost Coast,76561197969249708,,8743
80,Counter-Strike: Condition Zero,76561197969249708,,8744
100,Counter-Strike: Condition Zero,76561197969249708,,8745
280,Half-Life: Source,76561197969249708,,8744
300,Day of Defeat: Source,76561197969249708,,9348
360,Half-Life Deathmatch: Source,76561197969249708,,8744
380,Half-Life 2: Episode One,76561197969249708,,8952
400,Portal,76561197969249708,,8932
420,Half-Life 2: Episode Two,76561197969249708,,8959
500,Left 4 Dead,76561197969249708,,12540
550,Left 4 Dead 2,76561197969249708,,10709
620,Portal 2,76561197969249708,,12008
730,Counter-Strike: Global Offensive,76561197969249708,,11523
10,Counter-Strike,76561197976624941,,24
80,Counter-Strike: Condition Zero,76561197976624941,,0
100,Counter-Strike: Condition Zero,76561197976624941,,0
220,Half-Life 2,76561197976624941,,744
240,Counter-Strike: Source,76561197976624941,,2615
280,Half-Life: Source,76561197976624941,,0
320,Half-Life 2: Deathmatch,76561197976624941,,0
340,Half-Life 2: Lost Coast,76561197976624941,,0
360,Half-Life Deathmatch: Source,76561197976624941,,0
300,Day of Defeat: Source,76561197976624941,,42
3960,Shattered Union,76561197976624941,,135
8400,Geometry Wars: Retro Evolved,76561197976624941,,0
380,Half-Life 2: Episode One,76561197976624941,,0
400,Portal,76561197976624941,,60
420,Half-Life 2: Episode Two,76561197976624941,,0
12900,AudioSurf,76561197976624941,,104
20900,The Witcher: Enhanced Edition Director's Cut,76561197976624941,,168
17470,Dead Space,76561197976624941,,0
24740,Burnout Paradise: The Ultimate Box,76561197976624941,,0
17390,SPORE™,76561197976624941,,461
17440,SPORE™ Creepy & Cute Parts Pack,76561197976624941,,0
24720,SPORE™ Galactic Adventures,76561197976624941,,0
34900,Bad Rats: the Rats' Revenge,76561197976624941,,0
32370,STAR WARS™ - Knights of the Old Republic™,76561197976624941,,173
24800,Command & Conquer: Red Alert 3 - Uprising,76561197976624941,,87
550,Left 4 Dead 2,76561197976624941,,979
10,Counter-Strike,76561197979579595,,0
20,Team Fortress Classic,76561197979579595,,0
30,Day of Defeat,76561197979579595,,0
40,Deathmatch Classic,76561197979579595,,0
50,Half-Life: Opposing Force,76561197979579595,,0
60,Ricochet,76561197979579595,,0
70,Half-Life,76561197979579595,,0
130,Half-Life: Blue Shift,76561197979579595,,0
220,Half-Life 2,76561197979579595,,0
240,Counter-Strike: Source,76561197979579595,,0
280,Half-Life: Source,76561197979579595,,0
320,Half-Life 2: Deathmatch,76561197979579595,,0
340,Half-Life 2: Lost Coast,76561197979579595,,0
360,Half-Life Deathmatch: Source,76561197979579595,,0
1200,Red Orchestra: Ostfront 41-45,76561197979579595,,0
1230,Mare Nostrum,76561197979579595,,0
1280,Darkest Hour: Europe '44-'45,76561197979579595,,0
380,Half-Life 2: Episode One,76561197979579595,,0
1520,DEFCON,76561197979579595,,0
3830,Psychonauts,76561197979579595,,0
4000,Garry's Mod,76561197979579595,,0
7110,Jade Empire™: Special Edition,76561197979579595,,0
10,Counter-Strike,76561197982202265,,0
80,Counter-Strike: Condition Zero,76561197982202265,,0
100,Counter-Strike: Condition Zero,76561197982202265,,0
220,Half-Life 2,76561197982202265,,0
340,Half-Life 2: Lost Coast,76561197982202265,,0
240,Counter-Strike: Source,76561197982202265,,2581
280,Half-Life: Source,76561197982202265,,31
360,Half-Life Deathmatch: Source,76561197982202265,,0
12370,Jagged Alliance 2 Gold,76561197982202265,,0
12380,Jagged Alliance 2 Gold,76561197982202265,,0
1520,DEFCON,76561197982202265,,29
3830,Psychonauts,76561197982202265,,0
3910,Sid Meier's Civilization® III Complete,76561197982202265,,1
3920,Sid Meier's Pirates!,76561197982202265,,260
4000,Garry's Mod,76561197982202265,,0
6600,Bullet Candy,76561197982202265,,0
10,Counter-Strike,76561197982449156,,0
20,Team Fortress Classic,76561197982449156,,0
30,Day of Defeat,76561197982449156,,0
40,Deathmatch Classic,76561197982449156,,0
50,Half-Life: Opposing Force,76561197982449156,,0
60,Ricochet,76561197982449156,,0
70,Half-Life,76561197982449156,,0
130,Half-Life: Blue Shift,76561197982449156,,0
6980,Thief: Deadly Shadows,76561197982449156,,0
10,Counter-Strike,76561197987819599,,200
20,Team Fortress Classic,76561197987819599,,11
30,Day of Defeat,76561197987819599,,1
40,Deathmatch Classic,76561197987819599,,14
50,Half-Life: Opposing Force,76561197987819599,,1
60,Ricochet,76561197987819599,,3
70,Half-Life,76561197987819599,,94
80,Counter-Strike: Condition Zero,76561197987819599,,39
100,Counter-Strike: Condition Zero,76561197987819599,,1
130,Half-Life: Blue Shift,76561197987819599,,16
220,Half-Life 2,76561197987819599,,3128
240,Counter-Strike: Source,76561197987819599,,654
280,Half-Life: Source,76561197987819599,,17
300,Day of Defeat: Source,76561197987819599,,29
320,Half-Life 2: Deathmatch,76561197987819599,,13052
340,Half-Life 2: Lost Coast,76561197987819599,,988
360,Half-Life Deathmatch: Source,76561197987819599,,1
380,Half-Life 2: Episode One,76561197987819599,,89
400,Portal,76561197987819599,,1500
420,Half-Life 2: Episode Two,76561197987819599,,650
500,Left 4 Dead,76561197987819599,,3227
550,Left 4 Dead 2,76561197987819599,,3201
620,Portal 2,76561197987819599,,3977
730,Counter-Strike: Global Offensive,76561197987819599,,15548
20,Team Fortress Classic,76561197990705887,,0
50,Half-Life: Opposing Force,76561197990705887,,0
70,Half-Life,76561197990705887,,0
130,Half-Life: Blue Shift,76561197990705887,,0
1200,Red Orchestra: Ostfront 41-45,76561197990705887,,0
1230,Mare Nostrum,76561197990705887,,0
1280,Darkest Hour: Europe '44-'45,76561197990705887,,0
240,Counter-Strike: Source,76561197990914697,,29228
240,Counter-Strike: Source,76561197991667741,,17764
300,Day of Defeat: Source,76561197991667741,,801
320,Half-Life 2: Deathmatch,76561197991667741,,21
340,Half-Life 2: Lost Coast,76561197991667741,,0
280,Half-Life: Source,76561197991667741,,0
360,Half-Life Deathmatch: Source,76561197991667741,,0
20,Team Fortress Classic,76561197991667741,,30
50,Half-Life: Opposing Force,76561197991667741,,0
70,Half-Life,76561197991667741,,8
130,Half-Life: Blue Shift,76561197991667741,,0
10,Counter-Strike,76561197991667741,,230
30,Day of Defeat,76561197991667741,,24
40,Deathmatch Classic,76561197991667741,,0
60,Ricochet,76561197991667741,,0
80,Counter-Strike: Condition Zero,76561197991667741,,2
100,Counter-Strike: Condition Zero,76561197991667741,,0
1200,Red Orchestra: Ostfront 41-45,76561197991667741,,16
1230,Mare Nostrum,76561197991667741,,0
1280,Darkest Hour: Europe '44-'45,76561197991667741,,12
1520,DEFCON,76561197991667741,,156
4000,Garry's Mod,76561197991667741,,9106
2990,FlatOut 2™,76561197991667741,,2
6220,FlatOut,76561197991667741,,0
6600,Bullet Candy,76561197991667741,,7
2400,The Ship: Murder Party,76561197991667741,,299
2420,The Ship: Single Player,76561197991667741,,0
240,Counter-Strike: Source,76561197992972722,,81
20,Team Fortress Classic,76561197992972722,,0
50,Half-Life: Opposing Force,76561197992972722,,0
70,Half-Life,76561197992972722,,58
130,Half-Life: Blue Shift,76561197992972722,,0
10,Counter-Strike,76561197992972722,,0
30,Day of Defeat,76561197992972722,,0
40,Deathmatch Classic,76561197992972722,,0
60,Ricochet,76561197992972722,,0
80,Counter-Strike: Condition Zero,76561197992972722,,0
100,Counter-Strike: Condition Zero,76561197992972722,,0
4000,Garry's Mod,76561197992972722,,0
3480,Peggle Deluxe,76561197992972722,,83
3830,Psychonauts,76561197995632197,,61
240,Counter-Strike: Source,76561197997701057,,1939
20,Team Fortress Classic,76561197997701057,,21
50,Half-Life: Opposing Force,76561197997701057,,125
70,Half-Life,76561197997701057,,1678
130,Half-Life: Blue Shift,76561197997701057,,57
4000,Garry's Mod,76561197997701057,,299203
1200,Red Orchestra: Ostfront 41-45,76561197998699062,,18
1230,Mare Nostrum,76561197998699062,,0
1280,Darkest Hour: Europe '44-'45,76561197998699062,,0
10,Counter-Strike,76561198000719607,,84
20,Team Fortress Classic,76561198000719607,,30
30,Day of Defeat,76561198000719607,,19
40,Deathmatch Classic,76561198000719607,,0
50,Half-Life: Opposing Force,76561198000719607,,19
60,Ricochet,76561198000719607,,2
70,Half-Life,76561198000719607,,271
130,Half-Life: Blue Shift,76561198000719607,,0
220,Half-Life 2,76561198000719607,,81
240,Counter-Strike: Source,76561198000719607,,2842
320,Half-Life 2: Deathmatch,76561198000719607,,179
340,Half-Life 2: Lost Coast,76561198000719607,,61
280,Half-Life: Source,76561198000719607,,50
360,Half-Life Deathmatch: Source,76561198000719607,,0
3830,Psychonauts,76561198000719607,,54
4000,Garry's Mod,76561198000719607,,9044
240,Counter-Strike: Source,76561198000990482,,3940
280,Half-Life: Source,76561198000990482,,1814
360,Half-Life Deathmatch: Source,76561198000990482,,1
4000,Garry's Mod,76561198000990482,,45
4000,Garry's Mod,76561198010502244,,6293
220,Half-Life 2,76561198017387638,,993
340,Half-Life 2: Lost Coast,76561198017387638,,22
4000,Garry's Mod,76561198017387638,,102118
320,Half-Life 2: Deathmatch,76561198017387638,,673
10,Counter-Strike,76561198017387638,,77
30,Day of Defeat,76561198017387638,,31
40,Deathmatch Classic,76561198017387638,,14
60,Ricochet,76561198017387638,,9
80,Counter-Strike: Condition Zero,76561198017387638,,24
100,Counter-Strike: Condition Zero,76561198017387638,,0
240,Counter-Strike: Source,76561198017387638,,2299
20900,The Witcher: Enhanced Edition Director's Cut,76561198017387638,,0
17470,Dead Space,76561198017387638,,85
24740,Burnout Paradise: The Ultimate Box,76561198017387638,,0
550,Left 4 Dead 2,76561198017387638,,16799
220,Half-Life 2,76561198020231347,,1102
340,Half-Life 2: Lost Coast,76561198020231347,,23
20,Team Fortress Classic,76561198020231347,,0
50,Half-Life: Opposing Force,76561198020231347,,0
70,Half-Life,76561198020231347,,787
130,Half-Life: Blue Shift,76561198020231347,,0
320,Half-Life 2: Deathmatch,76561198020231347,,0
360,Half-Life Deathmatch: Source,76561198020231347,,0
380,Half-Life 2: Episode One,76561198020231347,,266
3830,Psychonauts,76561198020231347,,3045
4000,Garry's Mod,76561198020231347,,484
70,Half-Life,76561198030119065,,4
220,Half-Life 2,76561198030119065,,241
340,Half-Life 2: Lost Coast,76561198030119065,,0
320,Half-Life 2: Deathmatch,76561198030119065,,465
2310,QUAKE,76561198030119065,,315
2320,QUAKE II,76561198030119065,,42
360,Half-Life Deathmatch: Source,76561198030119065,,0
380,Half-Life 2: Episode One,76561198030119065,,0
4230,RACE - The WTCC Game,76561198030119065,,0
4290,RACE: Caterham Expansion,76561198030119065,,0
4000,Garry's Mod,76561198030119065,,12021
12160,Midnight Club 2,76561198030119065,,0
2700,RollerCoaster Tycoon® 3: Platinum,76561198030119065,,15
4000,Garry's Mod,76561198051915075,,6401
550,Left 4 Dead 2,76561198051915075,,4612
10,Counter-Strike,76561197960270881,,101
20,Team Fortress Classic,76561197960270881,,0
30,Day of Defeat,76561197960270881,,0
40,Deathmatch Classic,76561197960270881,,0
50,Half-Life: Opposing Force,76561197960270881,,0
60,Ricochet,76561197960270881,,0
70,Half-Life,76561197960270881,,25
130,Half-Life: Blue Shift,76561197960270881,,0
220,Half-Life 2,76561197960270881,,0
240,Counter-Strike: Source,76561197960270881,,158
320,Half-Life 2: Deathmatch,76561197960270881,,1
340,Half-Life 2: Lost Coast,76561197960270881,,0
80,Counter-Strike: Condition Zero,76561197960270881,,0
100,Counter-Strike: Condition Zero,76561197960270881,,0
280,Half-Life: Source,76561197960270881,,0
300,Day of Defeat: Source,76561197960270881,,0
360,Half-Life Deathmatch: Source,76561197960270881,,0
380,Half-Life 2: Episode One,76561197960270881,,0
2630,Call of Duty® 2,76561197960270881,,0
3900,Sid Meier's Civilization® IV,76561197960270881,,0
3990,Civilization IV®: Warlords,76561197960270881,,0
8800,Civilization IV: Beyond the Sword,76561197960270881,,2992
34440,Sid Meier's Civilization® IV,76561197960270881,,0
34450,Civilization IV®: Warlords,76561197960270881,,0
34460,Civilization IV: Beyond the Sword,76561197960270881,,0
2200,Quake III Arena,76561197960270881,,49
2270,Wolfenstein 3D,76561197960270881,,0
2280,Ultimate Doom,76561197960270881,,0
2290,Final DOOM,76561197960270881,,0
2300,DOOM II,76561197960270881,,0
2310,QUAKE,76561197960270881,,0
2320,QUAKE II,76561197960270881,,0
2330,QUAKE II Mission Pack: The Reckoning,76561197960270881,,0
2340,QUAKE II Mission Pack: Ground Zero,76561197960270881,,0
2350,QUAKE III: Team Arena,76561197960270881,,0
2360,HeXen: Beyond Heretic,76561197960270881,,0
2370,HeXen: Deathkings of the Dark Citadel,76561197960270881,,0
2390,Heretic: Shadow of the Serpent Riders,76561197960270881,,0
9000,Spear of Destiny,76561197960270881,,0
9010,Return to Castle Wolfenstein,76561197960270881,,0
9030,QUAKE Mission Pack 2: Dissolution of Eternity,76561197960270881,,0
9040,QUAKE Mission Pack 1: Scourge of Armagon,76561197960270881,,0
10,Counter-Strike,76561197966632827,,0
20,Team Fortress Classic,76561197966632827,,0
30,Day of Defeat,76561197966632827,,0
40,Deathmatch Classic,76561197966632827,,0
50,Half-Life: Opposing Force,76561197966632827,,0
60,Ricochet,76561197966632827,,0
70,Half-Life,76561197966632827,,0
130,Half-Life: Blue Shift,76561197966632827,,0
80,Counter-Strike: Condition Zero,76561197966632827,,0
100,Counter-Strike: Condition Zero,76561197966632827,,0
220,Half-Life 2,76561197966632827,,343
240,Counter-Strike: Source,76561197966632827,,0
280,Half-Life: Source,76561197966632827,,23
300,Day of Defeat: Source,76561197966632827,,0
320,Half-Life 2: Deathmatch,76561197966632827,,0
340,Half-Life 2: Lost Coast,76561197966632827,,0
360,Half-Life Deathmatch: Source,76561197966632827,,0
380,Half-Life 2: Episode One,76561197966632827,,0
400,Portal,76561197966632827,,0
420,Half-Life 2: Episode Two,76561197966632827,,0
500,Left 4 Dead,76561197966632827,,594
550,Left 4 Dead 2,76561197966632827,,695
620,Portal 2,76561197966632827,,626
730,Counter-Strike: Global Offensive,76561197966632827,,1355
220,Half-Life 2,76561197970541857,,47
240,Counter-Strike: Source,76561197970541857,,206
320,Half-Life 2: Deathmatch,76561197970541857,,0
340,Half-Life 2: Lost Coast,76561197970541857,,0
10,Counter-Strike,76561197970541857,,0
20,Team Fortress Classic,76561197970541857,,0
30,Day of Defeat,76561197970541857,,0
40,Deathmatch Classic,76561197970541857,,0
50,Half-Life: Opposing Force,76561197970541857,,0
60,Ricochet,76561197970541857,,0
70,Half-Life,76561197970541857,,0
80,Counter-Strike: Condition Zero,76561197970541857,,0
100,Counter-Strike: Condition Zero,76561197970541857,,0
130,Half-Life: Blue Shift,76561197970541857,,0
280,Half-Life: Source,76561197970541857,,0
300,Day of Defeat: Source,76561197970541857,,0
360,Half-Life Deathmatch: Source,76561197970541857,,0
380,Half-Life 2: Episode One,76561197970541857,,173
400,Portal,76561197970541857,,383
420,Half-Life 2: Episode Two,76561197970541857,,1
500,Left 4 Dead,76561197970541857,,38
550,Left 4 Dead 2,76561197970541857,,62276
620,Portal 2,76561197970541857,,881
730,Counter-Strike: Global Offensive,76561197970541857,,182
220,Half-Life 2,76561197970620096,,0
240,Counter-Strike: Source,76561197970620096,,29042
320,Half-Life 2: Deathmatch,76561197970620096,,0
340,Half-Life 2: Lost Coast,76561197970620096,,0
4000,Garry's Mod,76561197970620096,,631
360,Half-Life Deathmatch: Source,76561197970620096,,0
380,Half-Life 2: Episode One,76561197970620096,,0
400,Portal,76561197970620096,,0
420,Half-Life 2: Episode Two,76561197970620096,,0
10,Counter-Strike,76561197972777491,,0
20,Team Fortress Classic,76561197972777491,,6
30,Day of Defeat,76561197972777491,,0
40,Deathmatch Classic,76561197972777491,,0
50,Half-Life: Opposing Force,76561197972777491,,0
60,Ricochet,76561197972777491,,1
70,Half-Life,76561197972777491,,232
130,Half-Life: Blue Shift,76561197972777491,,0
80,Counter-Strike: Condition Zero,76561197972777491,,0
100,Counter-Strike: Condition Zero,76561197972777491,,0
220,Half-Life 2,76561197972777491,,1
240,Counter-Strike: Source,76561197972777491,,1822
320,Half-Life 2: Deathmatch,76561197972777491,,0
340,Half-Life 2: Lost Coast,76561197972777491,,0
300,Day of Defeat: Source,76561197972777491,,0
280,Half-Life: Source,76561197972777491,,0
360,Half-Life Deathmatch: Source,76561197972777491,,0
4000,Garry's Mod,76561197972777491,,4244
2620,Call of Duty®,76561197972777491,,14
2630,Call of Duty® 2,76561197972777491,,2
2640,Call of Duty: United Offensive,76561197972777491,,0
6220,FlatOut,76561197972777491,,0
10,Counter-Strike,76561197973763460,,18
20,Team Fortress Classic,76561197973763460,,0
30,Day of Defeat,76561197973763460,,97
40,Deathmatch Classic,76561197973763460,,0
50,Half-Life: Opposing Force,76561197973763460,,0
60,Ricochet,76561197973763460,,0
70,Half-Life,76561197973763460,,0
80,Counter-Strike: Condition Zero,76561197973763460,,0
100,Counter-Strike: Condition Zero,76561197973763460,,0
130,Half-Life: Blue Shift,76561197973763460,,0
220,Half-Life 2,76561197973763460,,35
240,Counter-Strike: Source,76561197973763460,,0
280,Half-Life: Source,76561197973763460,,194
300,Day of Defeat: Source,76561197973763460,,12
320,Half-Life 2: Deathmatch,76561197973763460,,0
340,Half-Life 2: Lost Coast,76561197973763460,,0
360,Half-Life Deathmatch: Source,76561197973763460,,92
380,Half-Life 2: Episode One,76561197973763460,,0
10,Counter-Strike,76561197997695591,,0
20,Team Fortress Classic,76561197997695591,,0
30,Day of Defeat,76561197997695591,,0
40,Deathmatch Classic,76561197997695591,,0
50,Half-Life: Opposing Force,76561197997695591,,0
60,Ricochet,76561197997695591,,0
70,Half-Life,76561197997695591,,8
80,Counter-Strike: Condition Zero,76561197997695591,,0
100,Counter-Strike: Condition Zero,76561197997695591,,0
130,Half-Life: Blue Shift,76561197997695591,,0
220,Half-Life 2,76561197997695591,,140
240,Counter-Strike: Source,76561197997695591,,53
280,Half-Life: Source,76561197997695591,,0
300,Day of Defeat: Source,76561197997695591,,2438
320,Half-Life 2: Deathmatch,76561197997695591,,27
340,Half-Life 2: Lost Coast,76561197997695591,,18
360,Half-Life Deathmatch: Source,76561197997695591,,0
380,Half-Life 2: Episode One,76561197997695591,,0
400,Portal,76561197997695591,,731
420,Half-Life 2: Episode Two,76561197997695591,,185
500,Left 4 Dead,76561197997695591,,892
550,Left 4 Dead 2,76561197997695591,,619
620,Portal 2,76561197997695591,,1207
730,Counter-Strike: Global Offensive,76561197997695591,,462
240,Counter-Strike: Source,76561198008201992,,228
1520,DEFCON,76561198008201992,,39
4000,Garry's Mod,76561198008201992,,954
4000,Garry's Mod,76561198042126232,,2967
10,Counter-Strike,76561197960297457,,19409
20,Team Fortress Classic,76561197960297457,,0
30,Day of Defeat,76561197960297457,,0
40,Deathmatch Classic,76561197960297457,,0
50,Half-Life: Opposing Force,76561197960297457,,0
60,Ricochet,76561197960297457,,0
70,Half-Life,76561197960297457,,1
130,Half-Life: Blue Shift,76561197960297457,,0
41010,Serious Sam HD: The Second Encounter,76561197960297457,,199
564310,Serious Sam Fusion 2017 (beta),76561197960297457,,0
47870,Need For Speed: Hot Pursuit,76561197960297457,,1852
10,Counter-Strike,76561197960301086,,49
20,Team Fortress Classic,76561197960301086,,0
30,Day of Defeat,76561197960301086,,0
40,Deathmatch Classic,76561197960301086,,3
50,Half-Life: Opposing Force,76561197960301086,,13
60,Ricochet,76561197960301086,,0
70,Half-Life,76561197960301086,,0
130,Half-Life: Blue Shift,76561197960301086,,0
220,Half-Life 2,76561197960301086,,0
240,Counter-Strike: Source,76561197960301086,,486
320,Half-Life 2: Deathmatch,76561197960301086,,49
340,Half-Life 2: Lost Coast,76561197960301086,,0
1200,Red Orchestra: Ostfront 41-45,76561197960301086,,0
1230,Mare Nostrum,76561197960301086,,0
1280,Darkest Hour: Europe '44-'45,76561197960301086,,0
1300,SiN Episodes: Emergence,76561197960301086,,0
1309,SiN Episodes: Emergence,76561197960301086,,0
1313,SiN Episodes: Emergence,76561197960301086,,0
360,Half-Life Deathmatch: Source,76561197960301086,,0
380,Half-Life 2: Episode One,76561197960301086,,0
1520,DEFCON,76561197960301086,,6
3830,Psychonauts,76561197960301086,,204
4700,Total War: MEDIEVAL II – Definitive Edition,76561197960301086,,0
4000,Garry's Mod,76561197960301086,,301
10,Counter-Strike,76561197960412326,,0
20,Team Fortress Classic,76561197960412326,,4
30,Day of Defeat,76561197960412326,,0
40,Deathmatch Classic,76561197960412326,,1
50,Half-Life: Opposing Force,76561197960412326,,0
60,Ricochet,76561197960412326,,0
70,Half-Life,76561197960412326,,0
130,Half-Life: Blue Shift,76561197960412326,,0
220,Half-Life 2,76561197960412326,,112
240,Counter-Strike: Source,76561197960412326,,2905
320,Half-Life 2: Deathmatch,76561197960412326,,2
340,Half-Life 2: Lost Coast,76561197960412326,,0
300,Day of Defeat: Source,76561197960412326,,589
3920,Sid Meier's Pirates!,76561197960412326,,0
4000,Garry's Mod,76561197960412326,,190
10,Counter-Strike,76561197960428912,,0
20,Team Fortress Classic,76561197960428912,,0
30,Day of Defeat,76561197960428912,,0
40,Deathmatch Classic,76561197960428912,,0
50,Half-Life: Opposing Force,76561197960428912,,0
60,Ricochet,76561197960428912,,0
70,Half-Life,76561197960428912,,0
130,Half-Life: Blue Shift,76561197960428912,,0
220,Half-Life 2,76561197960428912,,0
240,Counter-Strike: Source,76561197960428912,,0
320,Half-Life 2: Deathmatch,76561197960428912,,0
340,Half-Life 2: Lost Coast,76561197960428912,,0
80,Counter-Strike: Condition Zero,76561197960428912,,0
100,Counter-Strike: Condition Zero,76561197960428912,,0
280,Half-Life: Source,76561197960428912,,0
300,Day of Defeat: Source,76561197960428912,,0
360,Half-Life Deathmatch: Source,76561197960428912,,0
1300,SiN Episodes: Emergence,76561197960428912,,0
1309,SiN Episodes: Emergence,76561197960428912,,0
1313,SiN Episodes: Emergence,76561197960428912,,0
4000,Garry's Mod,76561197960428912,,0
380,Half-Life 2: Episode One,76561197960428912,,0
400,Portal,76561197960428912,,0
420,Half-Life 2: Episode Two,76561197960428912,,0
12900,AudioSurf,76561197960428912,,0
500,Left 4 Dead,76561197960428912,,0
10500,Total War: EMPIRE – Definitive Edition,76561197960428912,,0
23310,The Last Remnant™,76561197960428912,,0
26800,Braid,76561197960428912,,0
3590,Plants vs. Zombies GOTY Edition,76561197960428912,,0
21660,Street Fighter® IV,76561197960428912,,0
10,Counter-Strike,76561197964101926,,0
20,Team Fortress Classic,76561197964101926,,0
30,Day of Defeat,76561197964101926,,0
40,Deathmatch Classic,76561197964101926,,0
50,Half-Life: Opposing Force,76561197964101926,,0
60,Ricochet,76561197964101926,,0
70,Half-Life,76561197964101926,,1
130,Half-Life: Blue Shift,76561197964101926,,0
220,Half-Life 2,76561197964101926,,91
240,Counter-Strike: Source,76561197964101926,,0
280,Half-Life: Source,76561197964101926,,0
320,Half-Life 2: Deathmatch,76561197964101926,,74
340,Half-Life 2: Lost Coast,76561197964101926,,0
360,Half-Life Deathmatch: Source,76561197964101926,,0
300,Day of Defeat: Source,76561197964101926,,0
1500,Darwinia,76561197964101926,,0
1300,SiN Episodes: Emergence,76561197964101926,,0
1309,SiN Episodes: Emergence,76561197964101926,,0
1313,SiN Episodes: Emergence,76561197964101926,,0
380,Half-Life 2: Episode One,76561197964101926,,0
3830,Psychonauts,76561197964101926,,0
4300,RoboBlitz,76561197964101926,,0
4700,Total War: MEDIEVAL II – Definitive Edition,76561197964101926,,0
4000,Garry's Mod,76561197964101926,,0
2990,FlatOut 2™,76561197964101926,,0
6200,Ghost Master®,76561197964101926,,0
10,Counter-Strike,76561197965903917,,10
20,Team Fortress Classic,76561197965903917,,0
30,Day of Defeat,76561197965903917,,0
40,Deathmatch Classic,76561197965903917,,0
50,Half-Life: Opposing Force,76561197965903917,,1
60,Ricochet,76561197965903917,,0
70,Half-Life,76561197965903917,,2
130,Half-Life: Blue Shift,76561197965903917,,0
80,Counter-Strike: Condition Zero,76561197965903917,,0
100,Counter-Strike: Condition Zero,76561197965903917,,0
220,Half-Life 2,76561197965903917,,190
240,Counter-Strike: Source,76561197965903917,,1623
320,Half-Life 2: Deathmatch,76561197965903917,,81
340,Half-Life 2: Lost Coast,76561197965903917,,8
280,Half-Life: Source,76561197965903917,,1
300,Day of Defeat: Source,76561197965903917,,43
360,Half-Life Deathmatch: Source,76561197965903917,,2
380,Half-Life 2: Episode One,76561197965903917,,4
400,Portal,76561197965903917,,168
420,Half-Life 2: Episode Two,76561197965903917,,1
500,Left 4 Dead,76561197965903917,,260
550,Left 4 Dead 2,76561197965903917,,1704
620,Portal 2,76561197965903917,,474
730,Counter-Strike: Global Offensive,76561197965903917,,210
10,Counter-Strike,76561197965960291,,0
20,Team Fortress Classic,76561197965960291,,0
30,Day of Defeat,76561197965960291,,33
40,Deathmatch Classic,76561197965960291,,0
50,Half-Life: Opposing Force,76561197965960291,,0
60,Ricochet,76561197965960291,,0
70,Half-Life,76561197965960291,,0
130,Half-Life: Blue Shift,76561197965960291,,0
300,Day of Defeat: Source,76561197965960291,,325
220,Half-Life 2,76561197965960291,,93
340,Half-Life 2: Lost Coast,76561197965960291,,0
240,Counter-Strike: Source,76561197965960291,,140
320,Half-Life 2: Deathmatch,76561197965960291,,40
360,Half-Life Deathmatch: Source,76561197965960291,,0
380,Half-Life 2: Episode One,76561197965960291,,0
2400,The Ship: Murder Party,76561197965960291,,1148
10,Counter-Strike,76561197968982243,,0
20,Team Fortress Classic,76561197968982243,,0
30,Day of Defeat,76561197968982243,,0
40,Deathmatch Classic,76561197968982243,,0
50,Half-Life: Opposing Force,76561197968982243,,0
60,Ricochet,76561197968982243,,0
70,Half-Life,76561197968982243,,0
130,Half-Life: Blue Shift,76561197968982243,,41
220,Half-Life 2,76561197968982243,,884
240,Counter-Strike: Source,76561197968982243,,2636
320,Half-Life 2: Deathmatch,76561197968982243,,0
340,Half-Life 2: Lost Coast,76561197968982243,,0
10,Counter-Strike,76561197969405591,,0
20,Team Fortress Classic,76561197969405591,,0
30,Day of Defeat,76561197969405591,,8
40,Deathmatch Classic,76561197969405591,,0
50,Half-Life: Opposing Force,76561197969405591,,0
60,Ricochet,76561197969405591,,0
70,Half-Life,76561197969405591,,1
80,Counter-Strike: Condition Zero,76561197969405591,,0
100,Counter-Strike: Condition Zero,76561197969405591,,0
130,Half-Life: Blue Shift,76561197969405591,,0
220,Half-Life 2,76561197969405591,,34
240,Counter-Strike: Source,76561197969405591,,57
280,Half-Life: Source,76561197969405591,,4
300,Day of Defeat: Source,76561197969405591,,73
320,Half-Life 2: Deathmatch,76561197969405591,,0
340,Half-Life 2: Lost Coast,76561197969405591,,0
360,Half-Life Deathmatch: Source,76561197969405591,,0
1002,Rag Doll Kung Fu,76561197969405591,,0
1500,Darwinia,76561197969405591,,0
1200,Red Orchestra: Ostfront 41-45,76561197969405591,,0
1230,Mare Nostrum,76561197969405591,,0
1280,Darkest Hour: Europe '44-'45,76561197969405591,,0
1300,SiN Episodes: Emergence,76561197969405591,,0
1309,SiN Episodes: Emergence,76561197969405591,,0
1313,SiN Episodes: Emergence,76561197969405591,,0
380,Half-Life 2: Episode One,76561197969405591,,0
10,Counter-Strike,76561197969765131,,24
20,Team Fortress Classic,76561197969765131,,0
30,Day of Defeat,76561197969765131,,0
40,Deathmatch Classic,76561197969765131,,0
50,Half-Life: Opposing Force,76561197969765131,,3
60,Ricochet,76561197969765131,,1
70,Half-Life,76561197969765131,,31
80,Counter-Strike: Condition Zero,76561197969765131,,1
100,Counter-Strike: Condition Zero,76561197969765131,,0
130,Half-Life: Blue Shift,76561197969765131,,4
220,Half-Life 2,76561197969765131,,34
240,Counter-Strike: Source,76561197969765131,,2
280,Half-Life: Source,76561197969765131,,3
300,Day of Defeat: Source,76561197969765131,,1
320,Half-Life 2: Deathmatch,76561197969765131,,0
340,Half-Life 2: Lost Coast,76561197969765131,,0
360,Half-Life Deathmatch: Source,76561197969765131,,0
380,Half-Life 2: Episode One,76561197969765131,,6
400,Portal,76561197969765131,,2
420,Half-Life 2: Episode Two,76561197969765131,,28
500,Left 4 Dead,76561197969765131,,903
550,Left 4 Dead 2,76561197969765131,,667
620,Portal 2,76561197969765131,,601
730,Counter-Strike: Global Offensive,76561197969765131,,62
10,Counter-Strike,76561197970315823,,0
20,Team Fortress Classic,76561197970315823,,0
30,Day of Defeat,76561197970315823,,0
40,Deathmatch Classic,76561197970315823,,0
50,Half-Life: Opposing Force,76561197970315823,,0
60,Ricochet,76561197970315823,,0
70,Half-Life,76561197970315823,,7
80,Counter-Strike: Condition Zero,76561197970315823,,0
100,Counter-Strike: Condition Zero,76561197970315823,,0
130,Half-Life: Blue Shift,76561197970315823,,0
220,Half-Life 2,76561197970315823,,813
240,Counter-Strike: Source,76561197970315823,,157
280,Half-Life: Source,76561197970315823,,0
300,Day of Defeat: Source,76561197970315823,,0
320,Half-Life 2: Deathmatch,76561197970315823,,95
340,Half-Life 2: Lost Coast,76561197970315823,,0
360,Half-Life Deathmatch: Source,76561197970315823,,0
380,Half-Life 2: Episode One,76561197970315823,,0
400,Portal,76561197970315823,,0
420,Half-Life 2: Episode Two,76561197970315823,,0
500,Left 4 Dead,76561197970315823,,2403
550,Left 4 Dead 2,76561197970315823,,1732
620,Portal 2,76561197970315823,,1319
730,Counter-Strike: Global Offensive,76561197970315823,,0
10,Counter-Strike,76561197970477008,,19
80,Counter-Strike: Condition Zero,76561197970477008,,0
100,Counter-Strike: Condition Zero,76561197970477008,,0
220,Half-Life 2,76561197970477008,,402
240,Counter-Strike: Source,76561197970477008,,25387
320,Half-Life 2: Deathmatch,76561197970477008,,5
340,Half-Life 2: Lost Coast,76561197970477008,,0
360,Half-Life Deathmatch: Source,76561197970477008,,4
380,Half-Life 2: Episode One,76561197970477008,,0
3830,Psychonauts,76561197970477008,,109
400,Portal,76561197970477008,,30
420,Half-Life 2: Episode Two,76561197970477008,,0
220,Half-Life 2,76561197970767347,,0
240,Counter-Strike: Source,76561197970767347,,0
320,Half-Life 2: Deathmatch,76561197970767347,,2
340,Half-Life 2: Lost Coast,76561197970767347,,0
10,Counter-Strike,76561197970767347,,0
20,Team Fortress Classic,76561197970767347,,0
30,Day of Defeat,76561197970767347,,0
40,Deathmatch Classic,76561197970767347,,0
50,Half-Life: Opposing Force,76561197970767347,,0
60,Ricochet,76561197970767347,,0
70,Half-Life,76561197970767347,,0
80,Counter-Strike: Condition Zero,76561197970767347,,0
100,Counter-Strike: Condition Zero,76561197970767347,,0
130,Half-Life: Blue Shift,76561197970767347,,0
280,Half-Life: Source,76561197970767347,,0
300,Day of Defeat: Source,76561197970767347,,0
360,Half-Life Deathmatch: Source,76561197970767347,,0
380,Half-Life 2: Episode One,76561197970767347,,0
400,Portal,76561197970767347,,126
420,Half-Life 2: Episode Two,76561197970767347,,1
500,Left 4 Dead,76561197970767347,,635
550,Left 4 Dead 2,76561197970767347,,5498
620,Portal 2,76561197970767347,,786
730,Counter-Strike: Global Offensive,76561197970767347,,0
220,Half-Life 2,76561197987479980,,0
240,Counter-Strike: Source,76561197987479980,,0
280,Half-Life: Source,76561197987479980,,0
320,Half-Life 2: Deathmatch,76561197987479980,,0
340,Half-Life 2: Lost Coast,76561197987479980,,0
360,Half-Life Deathmatch: Source,76561197987479980,,0
300,Day of Defeat: Source,76561197987479980,,0
3300,Bejeweled 2 Deluxe,76561197987479980,,0
4700,Total War: MEDIEVAL II – Definitive Edition,76561197987479980,,0
300,Day of Defeat: Source,76561197990754422,,3
240,Counter-Strike: Source,76561197990754422,,329
3830,Psychonauts,76561197990754422,,0
3920,Sid Meier's Pirates!,76561197990754422,,22
4000,Garry's Mod,76561197990754422,,0
10,Counter-Strike,76561197991183139,,79
80,Counter-Strike: Condition Zero,76561197991183139,,0
100,Counter-Strike: Condition Zero,76561197991183139,,0
20,Team Fortress Classic,76561197991183139,,0
50,Half-Life: Opposing Force,76561197991183139,,0
70,Half-Life,76561197991183139,,0
130,Half-Life: Blue Shift,76561197991183139,,0
240,Counter-Strike: Source,76561197991183139,,175
4000,Garry's Mod,76561197991183139,,0
2200,Quake III Arena,76561197991183139,,0
2270,Wolfenstein 3D,76561197991183139,,0
2280,Ultimate Doom,76561197991183139,,0
2290,Final DOOM,76561197991183139,,0
2300,DOOM II,76561197991183139,,0
2310,QUAKE,76561197991183139,,0
2320,QUAKE II,76561197991183139,,0
2330,QUAKE II Mission Pack: The Reckoning,76561197991183139,,0
2340,QUAKE II Mission Pack: Ground Zero,76561197991183139,,0
2350,QUAKE III: Team Arena,76561197991183139,,0
2360,HeXen: Beyond Heretic,76561197991183139,,0
2370,HeXen: Deathkings of the Dark Citadel,76561197991183139,,0
2390,Heretic: Shadow of the Serpent Riders,76561197991183139,,0
9000,Spear of Destiny,76561197991183139,,0
9010,Return to Castle Wolfenstein,76561197991183139,,0
9030,QUAKE Mission Pack 2: Dissolution of Eternity,76561197991183139,,0
9040,QUAKE Mission Pack 1: Scourge of Armagon,76561197991183139,,0
10,Counter-Strike,76561197997348592,,80
80,Counter-Strike: Condition Zero,76561197997348592,,0
100,Counter-Strike: Condition Zero,76561197997348592,,0
300,Day of Defeat: Source,76561197997348592,,705
70,Half-Life,76561197997348592,,149
240,Counter-Strike: Source,76561197997348592,,9305
4000,Garry's Mod,76561197997348592,,310
220,Half-Life 2,76561197997348592,,1322
320,Half-Life 2: Deathmatch,76561197997348592,,88
340,Half-Life 2: Lost Coast,76561197997348592,,0
360,Half-Life Deathmatch: Source,76561197997348592,,0
380,Half-Life 2: Episode One,76561197997348592,,0
400,Portal,76561197997348592,,42
420,Half-Life 2: Episode Two,76561197997348592,,0
12160,Midnight Club 2,76561197997348592,,0
320,Half-Life 2: Deathmatch,76561198001768174,,0
340,Half-Life 2: Lost Coast,76561198001768174,,24
360,Half-Life Deathmatch: Source,76561198001768174,,0
380,Half-Life 2: Episode One,76561198001768174,,284
1200,Red Orchestra: Ostfront 41-45,76561198002355661,,0
1230,Mare Nostrum,76561198002355661,,0
1280,Darkest Hour: Europe '44-'45,76561198002355661,,0
2400,The Ship: Murder Party,76561198002355661,,0
2420,The Ship: Single Player,76561198002355661,,0
10,Counter-Strike,76561198025038390,,91
20,Team Fortress Classic,76561198025038390,,6
30,Day of Defeat,76561198025038390,,0
40,Deathmatch Classic,76561198025038390,,0
50,Half-Life: Opposing Force,76561198025038390,,71
60,Ricochet,76561198025038390,,55
70,Half-Life,76561198025038390,,543
80,Counter-Strike: Condition Zero,76561198025038390,,14
100,Counter-Strike: Condition Zero,76561198025038390,,0
130,Half-Life: Blue Shift,76561198025038390,,0
220,Half-Life 2,76561198025038390,,877
240,Counter-Strike: Source,76561198025038390,,53
280,Half-Life: Source,76561198025038390,,0
300,Day of Defeat: Source,76561198025038390,,0
320,Half-Life 2: Deathmatch,76561198025038390,,0
340,Half-Life 2: Lost Coast,76561198025038390,,41
360,Half-Life Deathmatch: Source,76561198025038390,,0
380,Half-Life 2: Episode One,76561198025038390,,176
400,Portal,76561198025038390,,1762
420,Half-Life 2: Episode Two,76561198025038390,,275
500,Left 4 Dead,76561198025038390,,87
550,Left 4 Dead 2,76561198025038390,,1655
620,Portal 2,76561198025038390,,6155
730,Counter-Strike: Global Offensive,76561198025038390,,43033
220,Half-Life 2,76561198063456625,,0
340,Half-Life 2: Lost Coast,76561198063456625,,0
4000,Garry's Mod,76561198063456625,,55
